"site","y.1","y.2","y.3","y.4","y.5","y.6","y.7","y.8","y.9","y.10"
"L1000615",0,0,0,0,NA,NA,NA,NA,NA,NA
"L1002540",0,NA,NA,NA,NA,NA,NA,NA,NA,NA
"L1002782",0,0,0,NA,NA,NA,NA,NA,NA,NA
"L1003142",0,0,NA,NA,NA,NA,NA,NA,NA,NA
"L1003500",0,0,0,0,0,0,0,0,0,0
"L1006699",0,NA,NA,NA,NA,NA,NA,NA,NA,NA
"L1007955",0,NA,NA,NA,NA,NA,NA,NA,NA,NA
"L1012395",0,NA,NA,NA,NA,NA,NA,NA,NA,NA
"L1014477",0,0,NA,NA,NA,NA,NA,NA,NA,NA
"L1014482",0,0,NA,NA,NA,NA,NA,NA,NA,NA
"L1014778",0,0,0,0,0,NA,NA,NA,NA,NA
"L1020096",0,NA,NA,NA,NA,NA,NA,NA,NA,NA
"L1021336",0,0,0,0,NA,NA,NA,NA,NA,NA
"L1022263",0,0,NA,NA,NA,NA,NA,NA,NA,NA
"L1022545",0,0,0,0,0,0,0,0,0,0
"L1023024",0,NA,NA,NA,NA,NA,NA,NA,NA,NA
"L1023524",0,0,NA,NA,NA,NA,NA,NA,NA,NA
"L1023526",0,0,NA,NA,NA,NA,NA,NA,NA,NA
"L1023575",0,0,NA,NA,NA,NA,NA,NA,NA,NA
"L1025480",0,0,0,0,0,0,0,0,0,0
"L1026441",0,0,0,0,0,0,0,0,0,0
"L1026677",0,NA,NA,NA,NA,NA,NA,NA,NA,NA
"L1027214",0,NA,NA,NA,NA,NA,NA,NA,NA,NA
"L1027749",0,0,0,0,0,0,0,0,0,0
"L1028900",0,0,0,0,NA,NA,NA,NA,NA,NA
"L1029127",0,NA,NA,NA,NA,NA,NA,NA,NA,NA
"L1029751",0,NA,NA,NA,NA,NA,NA,NA,NA,NA
"L1032322",0,0,0,0,0,0,0,0,0,0
"L1032491",0,0,0,0,NA,NA,NA,NA,NA,NA
"L1032564",0,0,0,0,0,0,0,0,0,0
"L1033393",0,NA,NA,NA,NA,NA,NA,NA,NA,NA
"L1034275",0,0,0,NA,NA,NA,NA,NA,NA,NA
"L1037199",0,NA,NA,NA,NA,NA,NA,NA,NA,NA
"L1037472",0,0,NA,NA,NA,NA,NA,NA,NA,NA
"L1039803",0,0,0,0,0,0,0,0,0,0
"L1042305",0,0,0,0,0,NA,NA,NA,NA,NA
"L1043649",0,NA,NA,NA,NA,NA,NA,NA,NA,NA
"L1048030",0,NA,NA,NA,NA,NA,NA,NA,NA,NA
"L1048115",0,0,NA,NA,NA,NA,NA,NA,NA,NA
"L1048285",0,NA,NA,NA,NA,NA,NA,NA,NA,NA
"L1048903",0,NA,NA,NA,NA,NA,NA,NA,NA,NA
"L1048916",1,1,1,NA,NA,NA,NA,NA,NA,NA
"L1049769",0,0,0,NA,NA,NA,NA,NA,NA,NA
"L1050174",0,0,0,0,NA,NA,NA,NA,NA,NA
"L1050190",0,NA,NA,NA,NA,NA,NA,NA,NA,NA
"L1052592",0,NA,NA,NA,NA,NA,NA,NA,NA,NA
"L1052691",0,0,0,0,0,0,0,0,NA,NA
"L1053923",0,NA,NA,NA,NA,NA,NA,NA,NA,NA
"L1054533",0,0,0,0,0,0,1,0,1,NA
"L1056981",0,0,0,NA,NA,NA,NA,NA,NA,NA
"L1057614",0,0,0,NA,NA,NA,NA,NA,NA,NA
"L1057698",0,NA,NA,NA,NA,NA,NA,NA,NA,NA
"L1059268",0,0,NA,NA,NA,NA,NA,NA,NA,NA
"L1061439",0,NA,NA,NA,NA,NA,NA,NA,NA,NA
"L1062199",0,NA,NA,NA,NA,NA,NA,NA,NA,NA
"L1062300",0,NA,NA,NA,NA,NA,NA,NA,NA,NA
"L1062385",0,NA,NA,NA,NA,NA,NA,NA,NA,NA
"L1062957",0,0,0,0,0,NA,NA,NA,NA,NA
"L1063185",0,0,0,NA,NA,NA,NA,NA,NA,NA
"L1063190",0,NA,NA,NA,NA,NA,NA,NA,NA,NA
"L1064269",0,NA,NA,NA,NA,NA,NA,NA,NA,NA
"L1064270",1,NA,NA,NA,NA,NA,NA,NA,NA,NA
"L1065643",0,NA,NA,NA,NA,NA,NA,NA,NA,NA
"L1068472",0,NA,NA,NA,NA,NA,NA,NA,NA,NA
"L1071608",0,NA,NA,NA,NA,NA,NA,NA,NA,NA
"L1074830",0,0,0,0,1,NA,NA,NA,NA,NA
"L1075845",0,NA,NA,NA,NA,NA,NA,NA,NA,NA
"L1077815",0,0,0,NA,NA,NA,NA,NA,NA,NA
"L1078409",0,NA,NA,NA,NA,NA,NA,NA,NA,NA
"L1079338",0,NA,NA,NA,NA,NA,NA,NA,NA,NA
"L1082321",0,0,0,0,0,0,NA,NA,NA,NA
"L1082849",0,NA,NA,NA,NA,NA,NA,NA,NA,NA
"L1084527",0,NA,NA,NA,NA,NA,NA,NA,NA,NA
"L1085878",0,NA,NA,NA,NA,NA,NA,NA,NA,NA
"L1086562",0,NA,NA,NA,NA,NA,NA,NA,NA,NA
"L1086606",0,NA,NA,NA,NA,NA,NA,NA,NA,NA
"L1088120",0,0,0,NA,NA,NA,NA,NA,NA,NA
"L1090061",0,NA,NA,NA,NA,NA,NA,NA,NA,NA
"L1090139",0,NA,NA,NA,NA,NA,NA,NA,NA,NA
"L1090247",0,0,0,NA,NA,NA,NA,NA,NA,NA
"L1091064",0,0,1,NA,NA,NA,NA,NA,NA,NA
"L1091073",1,NA,NA,NA,NA,NA,NA,NA,NA,NA
"L1091136",0,NA,NA,NA,NA,NA,NA,NA,NA,NA
"L1092249",0,NA,NA,NA,NA,NA,NA,NA,NA,NA
"L1095235",0,0,0,0,0,0,0,0,0,0
"L1095277",0,0,NA,NA,NA,NA,NA,NA,NA,NA
"L109534",0,0,0,1,0,0,NA,NA,NA,NA
"L109542",0,0,0,0,0,0,0,0,0,0
"L109543",0,0,NA,NA,NA,NA,NA,NA,NA,NA
"L109545",0,0,0,0,1,1,1,1,1,NA
"L1096074",0,NA,NA,NA,NA,NA,NA,NA,NA,NA
"L1097413",0,0,0,0,0,0,0,0,0,0
"L1101820",0,NA,NA,NA,NA,NA,NA,NA,NA,NA
"L1105812",0,NA,NA,NA,NA,NA,NA,NA,NA,NA
"L1108046",0,0,NA,NA,NA,NA,NA,NA,NA,NA
"L1109189",0,0,0,0,0,0,0,0,0,0
"L1109738",0,0,0,0,0,NA,NA,NA,NA,NA
"L1119327",0,NA,NA,NA,NA,NA,NA,NA,NA,NA
"L1119748",0,NA,NA,NA,NA,NA,NA,NA,NA,NA
"L1119984",0,NA,NA,NA,NA,NA,NA,NA,NA,NA
"L1121364",0,NA,NA,NA,NA,NA,NA,NA,NA,NA
"L1121608",0,0,NA,NA,NA,NA,NA,NA,NA,NA
"L1122256",0,0,0,0,0,0,0,0,0,0
"L1124156",0,1,0,NA,NA,NA,NA,NA,NA,NA
"L1124271",0,NA,NA,NA,NA,NA,NA,NA,NA,NA
"L1125885",0,0,NA,NA,NA,NA,NA,NA,NA,NA
"L1127923",0,0,NA,NA,NA,NA,NA,NA,NA,NA
"L1129693",0,NA,NA,NA,NA,NA,NA,NA,NA,NA
"L1129831",0,0,0,0,0,0,0,0,0,0
"L1130930",0,0,1,NA,NA,NA,NA,NA,NA,NA
"L1133057",0,0,0,1,NA,NA,NA,NA,NA,NA
"L1133834",1,NA,NA,NA,NA,NA,NA,NA,NA,NA
"L1133945",0,NA,NA,NA,NA,NA,NA,NA,NA,NA
"L1136851",0,0,NA,NA,NA,NA,NA,NA,NA,NA
"L1139568",1,0,NA,NA,NA,NA,NA,NA,NA,NA
"L1141153",0,NA,NA,NA,NA,NA,NA,NA,NA,NA
"L1141414",0,NA,NA,NA,NA,NA,NA,NA,NA,NA
"L1141665",0,0,0,0,0,0,0,0,NA,NA
"L1142237",1,1,NA,NA,NA,NA,NA,NA,NA,NA
"L1143810",0,NA,NA,NA,NA,NA,NA,NA,NA,NA
"L1144309",0,NA,NA,NA,NA,NA,NA,NA,NA,NA
"L1144339",0,NA,NA,NA,NA,NA,NA,NA,NA,NA
"L1144910",0,NA,NA,NA,NA,NA,NA,NA,NA,NA
"L1145912",0,NA,NA,NA,NA,NA,NA,NA,NA,NA
"L1145920",0,NA,NA,NA,NA,NA,NA,NA,NA,NA
"L1146012",0,NA,NA,NA,NA,NA,NA,NA,NA,NA
"L1146672",0,0,0,0,NA,NA,NA,NA,NA,NA
"L1146723",0,1,1,1,1,1,1,1,1,NA
"L1152618",0,NA,NA,NA,NA,NA,NA,NA,NA,NA
"L1152753",0,NA,NA,NA,NA,NA,NA,NA,NA,NA
"L1154722",0,NA,NA,NA,NA,NA,NA,NA,NA,NA
"L1157417",0,NA,NA,NA,NA,NA,NA,NA,NA,NA
"L1158281",0,0,0,0,0,1,1,0,NA,NA
"L1160021",0,NA,NA,NA,NA,NA,NA,NA,NA,NA
"L1160541",0,0,0,NA,NA,NA,NA,NA,NA,NA
"L1160604",0,0,1,0,NA,NA,NA,NA,NA,NA
"L1161021",0,NA,NA,NA,NA,NA,NA,NA,NA,NA
"L1161526",0,0,0,0,NA,NA,NA,NA,NA,NA
"L1167878",0,0,0,NA,NA,NA,NA,NA,NA,NA
"L1170261",0,0,NA,NA,NA,NA,NA,NA,NA,NA
"L1170519",0,NA,NA,NA,NA,NA,NA,NA,NA,NA
"L1170569",0,NA,NA,NA,NA,NA,NA,NA,NA,NA
"L1170687",0,0,0,NA,NA,NA,NA,NA,NA,NA
"L1173047",0,NA,NA,NA,NA,NA,NA,NA,NA,NA
"L1176715",0,NA,NA,NA,NA,NA,NA,NA,NA,NA
"L1176822",0,0,0,0,0,0,0,0,0,0
"L1177780",0,0,NA,NA,NA,NA,NA,NA,NA,NA
"L1178308",0,0,0,0,0,0,0,0,0,0
"L1179442",0,NA,NA,NA,NA,NA,NA,NA,NA,NA
"L1179709",0,NA,NA,NA,NA,NA,NA,NA,NA,NA
"L1181339",0,0,1,1,NA,NA,NA,NA,NA,NA
"L1182444",0,NA,NA,NA,NA,NA,NA,NA,NA,NA
"L1182674",0,1,NA,NA,NA,NA,NA,NA,NA,NA
"L1183462",0,NA,NA,NA,NA,NA,NA,NA,NA,NA
"L1183932",0,NA,NA,NA,NA,NA,NA,NA,NA,NA
"L1187174",0,NA,NA,NA,NA,NA,NA,NA,NA,NA
"L1204220",0,0,1,NA,NA,NA,NA,NA,NA,NA
"L1205092",0,NA,NA,NA,NA,NA,NA,NA,NA,NA
"L1210539",0,NA,NA,NA,NA,NA,NA,NA,NA,NA
"L1211148",0,0,NA,NA,NA,NA,NA,NA,NA,NA
"L1211150",0,0,0,0,0,NA,NA,NA,NA,NA
"L1217270",0,0,0,0,0,0,NA,NA,NA,NA
"L1217982",0,NA,NA,NA,NA,NA,NA,NA,NA,NA
"L1218415",0,0,NA,NA,NA,NA,NA,NA,NA,NA
"L1219268",0,NA,NA,NA,NA,NA,NA,NA,NA,NA
"L1219313",0,0,0,NA,NA,NA,NA,NA,NA,NA
"L1222558",0,0,0,NA,NA,NA,NA,NA,NA,NA
"L1228004",0,1,NA,NA,NA,NA,NA,NA,NA,NA
"L1228419",0,0,NA,NA,NA,NA,NA,NA,NA,NA
"L1232767",0,0,0,0,NA,NA,NA,NA,NA,NA
"L1241997",0,0,0,0,0,NA,NA,NA,NA,NA
"L1249507",0,NA,NA,NA,NA,NA,NA,NA,NA,NA
"L1254746",0,0,0,0,0,0,0,0,0,0
"L125489",0,NA,NA,NA,NA,NA,NA,NA,NA,NA
"L1255132",0,0,1,NA,NA,NA,NA,NA,NA,NA
"L1256173",0,NA,NA,NA,NA,NA,NA,NA,NA,NA
"L126073",0,NA,NA,NA,NA,NA,NA,NA,NA,NA
"L1264322",0,NA,NA,NA,NA,NA,NA,NA,NA,NA
"L1264459",0,NA,NA,NA,NA,NA,NA,NA,NA,NA
"L1268170",0,NA,NA,NA,NA,NA,NA,NA,NA,NA
"L1268185",0,NA,NA,NA,NA,NA,NA,NA,NA,NA
"L1271113",0,NA,NA,NA,NA,NA,NA,NA,NA,NA
"L1271949",0,0,0,0,1,0,NA,NA,NA,NA
"L1271991",0,NA,NA,NA,NA,NA,NA,NA,NA,NA
"L1280391",0,0,0,0,0,0,0,1,0,NA
"L1280707",0,0,0,0,0,NA,NA,NA,NA,NA
"L1280709",0,0,0,0,0,0,NA,NA,NA,NA
"L128138",0,0,0,NA,NA,NA,NA,NA,NA,NA
"L1284214",0,NA,NA,NA,NA,NA,NA,NA,NA,NA
"L1284446",0,0,NA,NA,NA,NA,NA,NA,NA,NA
"L128530",0,0,0,0,0,0,0,0,0,0
"L1285865",0,NA,NA,NA,NA,NA,NA,NA,NA,NA
"L1287850",0,0,0,0,0,0,0,0,0,0
"L1287940",0,0,0,0,0,0,0,0,0,0
"L1288340",0,NA,NA,NA,NA,NA,NA,NA,NA,NA
"L1289003",0,NA,NA,NA,NA,NA,NA,NA,NA,NA
"L1291726",0,0,0,0,NA,NA,NA,NA,NA,NA
"L1293432",0,0,NA,NA,NA,NA,NA,NA,NA,NA
"L1294142",0,NA,NA,NA,NA,NA,NA,NA,NA,NA
"L1294159",0,NA,NA,NA,NA,NA,NA,NA,NA,NA
"L1294181",0,NA,NA,NA,NA,NA,NA,NA,NA,NA
"L1295121",0,NA,NA,NA,NA,NA,NA,NA,NA,NA
"L1295982",0,NA,NA,NA,NA,NA,NA,NA,NA,NA
"L1295983",0,NA,NA,NA,NA,NA,NA,NA,NA,NA
"L1298602",0,0,NA,NA,NA,NA,NA,NA,NA,NA
"L1299336",0,0,0,0,0,0,0,0,0,0
"L1301488",0,0,0,0,NA,NA,NA,NA,NA,NA
"L1301860",0,0,NA,NA,NA,NA,NA,NA,NA,NA
"L1304849",0,NA,NA,NA,NA,NA,NA,NA,NA,NA
"L1304850",1,NA,NA,NA,NA,NA,NA,NA,NA,NA
"L1304856",0,NA,NA,NA,NA,NA,NA,NA,NA,NA
"L1304864",0,0,1,1,NA,NA,NA,NA,NA,NA
"L1304867",0,NA,NA,NA,NA,NA,NA,NA,NA,NA
"L1306806",0,0,0,NA,NA,NA,NA,NA,NA,NA
"L1309658",0,0,NA,NA,NA,NA,NA,NA,NA,NA
"L1310428",0,0,0,0,0,0,0,NA,NA,NA
"L1311201",0,0,0,0,0,0,0,0,1,1
"L1320697",0,0,NA,NA,NA,NA,NA,NA,NA,NA
"L1323033",0,NA,NA,NA,NA,NA,NA,NA,NA,NA
"L1323101",0,NA,NA,NA,NA,NA,NA,NA,NA,NA
"L1324131",0,0,NA,NA,NA,NA,NA,NA,NA,NA
"L1324694",0,0,0,0,1,0,0,0,NA,NA
"L1328037",0,0,0,0,NA,NA,NA,NA,NA,NA
"L1330751",0,NA,NA,NA,NA,NA,NA,NA,NA,NA
"L1334517",1,NA,NA,NA,NA,NA,NA,NA,NA,NA
"L1335231",0,NA,NA,NA,NA,NA,NA,NA,NA,NA
"L1335400",0,0,NA,NA,NA,NA,NA,NA,NA,NA
"L1335463",0,NA,NA,NA,NA,NA,NA,NA,NA,NA
"L1335468",0,0,0,0,0,0,NA,NA,NA,NA
"L1335609",0,NA,NA,NA,NA,NA,NA,NA,NA,NA
"L1336428",0,NA,NA,NA,NA,NA,NA,NA,NA,NA
"L1337710",0,0,0,NA,NA,NA,NA,NA,NA,NA
"L1337723",0,NA,NA,NA,NA,NA,NA,NA,NA,NA
"L1337738",0,NA,NA,NA,NA,NA,NA,NA,NA,NA
"L1337792",0,0,NA,NA,NA,NA,NA,NA,NA,NA
"L1340896",0,0,NA,NA,NA,NA,NA,NA,NA,NA
"L1345032",0,0,0,NA,NA,NA,NA,NA,NA,NA
"L1347113",0,NA,NA,NA,NA,NA,NA,NA,NA,NA
"L1348576",0,0,NA,NA,NA,NA,NA,NA,NA,NA
"L1349797",0,NA,NA,NA,NA,NA,NA,NA,NA,NA
"L1349849",0,0,0,NA,NA,NA,NA,NA,NA,NA
"L1349964",0,0,NA,NA,NA,NA,NA,NA,NA,NA
"L1350002",0,0,0,0,0,NA,NA,NA,NA,NA
"L1350605",0,0,0,0,NA,NA,NA,NA,NA,NA
"L1351608",0,NA,NA,NA,NA,NA,NA,NA,NA,NA
"L1352831",0,0,1,0,1,NA,NA,NA,NA,NA
"L1353367",0,NA,NA,NA,NA,NA,NA,NA,NA,NA
"L1356907",0,NA,NA,NA,NA,NA,NA,NA,NA,NA
"L1359505",1,NA,NA,NA,NA,NA,NA,NA,NA,NA
"L1364912",0,NA,NA,NA,NA,NA,NA,NA,NA,NA
"L1365887",0,NA,NA,NA,NA,NA,NA,NA,NA,NA
"L1367482",0,NA,NA,NA,NA,NA,NA,NA,NA,NA
"L1368589",0,NA,NA,NA,NA,NA,NA,NA,NA,NA
"L1369053",0,NA,NA,NA,NA,NA,NA,NA,NA,NA
"L1370918",0,NA,NA,NA,NA,NA,NA,NA,NA,NA
"L1374992",0,0,0,0,0,0,1,0,NA,NA
"L1376644",0,0,NA,NA,NA,NA,NA,NA,NA,NA
"L1379586",0,NA,NA,NA,NA,NA,NA,NA,NA,NA
"L1390603",0,0,0,0,0,1,NA,NA,NA,NA
"L1390841",0,1,0,NA,NA,NA,NA,NA,NA,NA
"L1392076",0,0,0,NA,NA,NA,NA,NA,NA,NA
"L1393028",0,0,0,0,0,0,0,0,NA,NA
"L1393937",0,NA,NA,NA,NA,NA,NA,NA,NA,NA
"L1394866",0,NA,NA,NA,NA,NA,NA,NA,NA,NA
"L1395911",0,NA,NA,NA,NA,NA,NA,NA,NA,NA
"L1397114",0,NA,NA,NA,NA,NA,NA,NA,NA,NA
"L1400538",0,0,0,0,NA,NA,NA,NA,NA,NA
"L140257",0,0,0,0,0,0,0,0,0,0
"L1403200",0,0,NA,NA,NA,NA,NA,NA,NA,NA
"L1403680",0,NA,NA,NA,NA,NA,NA,NA,NA,NA
"L1406877",0,0,NA,NA,NA,NA,NA,NA,NA,NA
"L1410842",0,0,0,0,0,0,NA,NA,NA,NA
"L1412556",0,NA,NA,NA,NA,NA,NA,NA,NA,NA
"L1413967",0,0,0,0,0,0,0,0,1,1
"L1414576",0,NA,NA,NA,NA,NA,NA,NA,NA,NA
"L1418072",0,0,0,0,0,0,1,0,0,0
"L1421113",0,0,0,0,0,0,0,0,0,0
"L1423146",0,NA,NA,NA,NA,NA,NA,NA,NA,NA
"L1423243",0,0,NA,NA,NA,NA,NA,NA,NA,NA
"L1423255",0,0,NA,NA,NA,NA,NA,NA,NA,NA
"L1423265",0,0,NA,NA,NA,NA,NA,NA,NA,NA
"L1423277",0,0,NA,NA,NA,NA,NA,NA,NA,NA
"L1424160",0,0,0,NA,NA,NA,NA,NA,NA,NA
"L1424224",0,NA,NA,NA,NA,NA,NA,NA,NA,NA
"L1427321",0,0,0,0,0,0,1,1,NA,NA
"L1433560",0,NA,NA,NA,NA,NA,NA,NA,NA,NA
"L1435007",0,0,0,0,NA,NA,NA,NA,NA,NA
"L1437820",0,NA,NA,NA,NA,NA,NA,NA,NA,NA
"L1438824",0,0,0,0,1,0,0,0,0,1
"L1439878",0,NA,NA,NA,NA,NA,NA,NA,NA,NA
"L1440751",0,NA,NA,NA,NA,NA,NA,NA,NA,NA
"L1440974",0,0,0,0,1,NA,NA,NA,NA,NA
"L1442892",0,0,0,0,0,0,0,0,0,0
"L1443218",0,NA,NA,NA,NA,NA,NA,NA,NA,NA
"L1443278",0,NA,NA,NA,NA,NA,NA,NA,NA,NA
"L1443527",0,NA,NA,NA,NA,NA,NA,NA,NA,NA
"L1445174",0,NA,NA,NA,NA,NA,NA,NA,NA,NA
"L1446990",0,0,0,NA,NA,NA,NA,NA,NA,NA
"L1447479",0,NA,NA,NA,NA,NA,NA,NA,NA,NA
"L1448435",0,0,NA,NA,NA,NA,NA,NA,NA,NA
"L1448933",0,NA,NA,NA,NA,NA,NA,NA,NA,NA
"L1449661",0,0,NA,NA,NA,NA,NA,NA,NA,NA
"L1451940",0,1,NA,NA,NA,NA,NA,NA,NA,NA
"L1454901",0,0,0,NA,NA,NA,NA,NA,NA,NA
"L1455873",0,NA,NA,NA,NA,NA,NA,NA,NA,NA
"L1456182",0,NA,NA,NA,NA,NA,NA,NA,NA,NA
"L1456936",0,0,0,0,0,0,NA,NA,NA,NA
"L1460597",0,NA,NA,NA,NA,NA,NA,NA,NA,NA
"L1461080",0,NA,NA,NA,NA,NA,NA,NA,NA,NA
"L1462840",0,0,0,0,NA,NA,NA,NA,NA,NA
"L1463292",0,0,0,0,NA,NA,NA,NA,NA,NA
"L1463573",0,NA,NA,NA,NA,NA,NA,NA,NA,NA
"L1463602",0,NA,NA,NA,NA,NA,NA,NA,NA,NA
"L1463658",0,0,0,0,0,0,0,NA,NA,NA
"L1464569",0,0,0,0,NA,NA,NA,NA,NA,NA
"L1465184",0,NA,NA,NA,NA,NA,NA,NA,NA,NA
"L1465489",0,NA,NA,NA,NA,NA,NA,NA,NA,NA
"L1465518",0,NA,NA,NA,NA,NA,NA,NA,NA,NA
"L1465817",0,NA,NA,NA,NA,NA,NA,NA,NA,NA
"L1465822",0,0,NA,NA,NA,NA,NA,NA,NA,NA
"L1468201",0,0,0,0,NA,NA,NA,NA,NA,NA
"L1470205",0,0,0,NA,NA,NA,NA,NA,NA,NA
"L1470494",0,NA,NA,NA,NA,NA,NA,NA,NA,NA
"L1472107",0,0,0,0,0,0,0,0,0,0
"L1474534",0,1,0,NA,NA,NA,NA,NA,NA,NA
"L1475034",0,0,0,0,0,0,0,0,0,0
"L1475278",0,0,NA,NA,NA,NA,NA,NA,NA,NA
"L1477090",0,0,NA,NA,NA,NA,NA,NA,NA,NA
"L1477767",0,NA,NA,NA,NA,NA,NA,NA,NA,NA
"L1479622",1,NA,NA,NA,NA,NA,NA,NA,NA,NA
"L1480387",0,NA,NA,NA,NA,NA,NA,NA,NA,NA
"L1480606",0,0,0,0,0,0,NA,NA,NA,NA
"L1480619",0,0,NA,NA,NA,NA,NA,NA,NA,NA
"L1481196",0,0,0,0,0,0,0,0,0,0
"L1481806",0,0,0,NA,NA,NA,NA,NA,NA,NA
"L1482655",0,0,0,0,NA,NA,NA,NA,NA,NA
"L1484071",0,NA,NA,NA,NA,NA,NA,NA,NA,NA
"L1485349",0,NA,NA,NA,NA,NA,NA,NA,NA,NA
"L1488350",0,0,0,0,0,0,NA,NA,NA,NA
"L1494998",0,0,0,0,0,0,0,0,0,0
"L1495476",0,1,1,NA,NA,NA,NA,NA,NA,NA
"L1495477",0,NA,NA,NA,NA,NA,NA,NA,NA,NA
"L149712",0,NA,NA,NA,NA,NA,NA,NA,NA,NA
"L1497945",0,NA,NA,NA,NA,NA,NA,NA,NA,NA
"L1497955",0,NA,NA,NA,NA,NA,NA,NA,NA,NA
"L1497978",0,NA,NA,NA,NA,NA,NA,NA,NA,NA
"L1499344",0,NA,NA,NA,NA,NA,NA,NA,NA,NA
"L1499578",0,NA,NA,NA,NA,NA,NA,NA,NA,NA
"L1501733",0,NA,NA,NA,NA,NA,NA,NA,NA,NA
"L1501897",0,0,NA,NA,NA,NA,NA,NA,NA,NA
"L1503842",0,0,0,NA,NA,NA,NA,NA,NA,NA
"L150417",0,0,0,NA,NA,NA,NA,NA,NA,NA
"L1505148",0,0,0,0,1,NA,NA,NA,NA,NA
"L1506828",0,0,0,0,0,0,0,0,0,0
"L1508882",0,NA,NA,NA,NA,NA,NA,NA,NA,NA
"L1509269",0,NA,NA,NA,NA,NA,NA,NA,NA,NA
"L1512135",0,0,NA,NA,NA,NA,NA,NA,NA,NA
"L1514284",0,NA,NA,NA,NA,NA,NA,NA,NA,NA
"L1514695",0,NA,NA,NA,NA,NA,NA,NA,NA,NA
"L1515054",0,NA,NA,NA,NA,NA,NA,NA,NA,NA
"L1515062",0,NA,NA,NA,NA,NA,NA,NA,NA,NA
"L1515665",0,0,NA,NA,NA,NA,NA,NA,NA,NA
"L1515976",1,NA,NA,NA,NA,NA,NA,NA,NA,NA
"L1516027",0,0,NA,NA,NA,NA,NA,NA,NA,NA
"L1518286",0,NA,NA,NA,NA,NA,NA,NA,NA,NA
"L1518867",0,NA,NA,NA,NA,NA,NA,NA,NA,NA
"L1518874",0,0,0,0,0,0,0,1,0,0
"L1519151",0,0,0,NA,NA,NA,NA,NA,NA,NA
"L1521471",0,NA,NA,NA,NA,NA,NA,NA,NA,NA
"L1524807",0,0,NA,NA,NA,NA,NA,NA,NA,NA
"L1524880",0,0,0,NA,NA,NA,NA,NA,NA,NA
"L1526276",0,NA,NA,NA,NA,NA,NA,NA,NA,NA
"L1531276",0,NA,NA,NA,NA,NA,NA,NA,NA,NA
"L1531992",0,NA,NA,NA,NA,NA,NA,NA,NA,NA
"L1535907",0,0,0,0,0,0,0,0,0,NA
"L1536186",0,0,0,0,0,1,NA,NA,NA,NA
"L1539988",0,0,0,0,0,1,NA,NA,NA,NA
"L1539990",0,NA,NA,NA,NA,NA,NA,NA,NA,NA
"L1540030",0,0,0,0,0,NA,NA,NA,NA,NA
"L1540037",0,0,NA,NA,NA,NA,NA,NA,NA,NA
"L1541208",0,0,NA,NA,NA,NA,NA,NA,NA,NA
"L1541250",0,NA,NA,NA,NA,NA,NA,NA,NA,NA
"L1541659",0,0,1,0,1,1,0,NA,NA,NA
"L1541672",0,NA,NA,NA,NA,NA,NA,NA,NA,NA
"L1544382",0,NA,NA,NA,NA,NA,NA,NA,NA,NA
"L1544822",0,0,NA,NA,NA,NA,NA,NA,NA,NA
"L1544825",1,NA,NA,NA,NA,NA,NA,NA,NA,NA
"L1545508",0,0,NA,NA,NA,NA,NA,NA,NA,NA
"L1545580",0,NA,NA,NA,NA,NA,NA,NA,NA,NA
"L1545725",0,0,0,0,0,0,0,0,0,NA
"L1546977",0,NA,NA,NA,NA,NA,NA,NA,NA,NA
"L1548754",0,NA,NA,NA,NA,NA,NA,NA,NA,NA
"L1549236",0,NA,NA,NA,NA,NA,NA,NA,NA,NA
"L1550288",0,NA,NA,NA,NA,NA,NA,NA,NA,NA
"L1550502",0,0,0,0,0,0,0,0,NA,NA
"L1553231",0,NA,NA,NA,NA,NA,NA,NA,NA,NA
"L1555227",0,NA,NA,NA,NA,NA,NA,NA,NA,NA
"L1557517",0,NA,NA,NA,NA,NA,NA,NA,NA,NA
"L1558076",0,NA,NA,NA,NA,NA,NA,NA,NA,NA
"L1559457",1,NA,NA,NA,NA,NA,NA,NA,NA,NA
"L1559613",0,0,0,0,0,0,NA,NA,NA,NA
"L1560292",0,0,0,0,0,0,0,0,0,0
"L1562129",0,NA,NA,NA,NA,NA,NA,NA,NA,NA
"L1563776",0,0,0,0,0,0,0,0,0,NA
"L1564248",0,0,1,NA,NA,NA,NA,NA,NA,NA
"L1566186",0,NA,NA,NA,NA,NA,NA,NA,NA,NA
"L1566635",0,0,0,0,0,1,1,NA,NA,NA
"L1566654",0,1,NA,NA,NA,NA,NA,NA,NA,NA
"L1569540",0,0,0,0,0,0,0,0,0,0
"L1569913",0,NA,NA,NA,NA,NA,NA,NA,NA,NA
"L1570290",0,NA,NA,NA,NA,NA,NA,NA,NA,NA
"L1573323",0,NA,NA,NA,NA,NA,NA,NA,NA,NA
"L1573621",0,NA,NA,NA,NA,NA,NA,NA,NA,NA
"L1573807",0,0,NA,NA,NA,NA,NA,NA,NA,NA
"L1574009",0,NA,NA,NA,NA,NA,NA,NA,NA,NA
"L1576910",1,0,NA,NA,NA,NA,NA,NA,NA,NA
"L1577347",0,NA,NA,NA,NA,NA,NA,NA,NA,NA
"L1580672",0,NA,NA,NA,NA,NA,NA,NA,NA,NA
"L1580726",0,NA,NA,NA,NA,NA,NA,NA,NA,NA
"L1582885",0,NA,NA,NA,NA,NA,NA,NA,NA,NA
"L1585710",0,NA,NA,NA,NA,NA,NA,NA,NA,NA
"L1586845",0,0,0,1,0,0,NA,NA,NA,NA
"L1586920",0,NA,NA,NA,NA,NA,NA,NA,NA,NA
"L1587290",0,NA,NA,NA,NA,NA,NA,NA,NA,NA
"L1587351",0,NA,NA,NA,NA,NA,NA,NA,NA,NA
"L1587637",0,NA,NA,NA,NA,NA,NA,NA,NA,NA
"L1588517",0,0,0,0,0,NA,NA,NA,NA,NA
"L1591148",0,NA,NA,NA,NA,NA,NA,NA,NA,NA
"L1591499",0,0,NA,NA,NA,NA,NA,NA,NA,NA
"L1595025",0,0,0,0,0,0,0,0,0,1
"L159584",0,0,0,0,0,0,0,0,0,0
"L159598",0,NA,NA,NA,NA,NA,NA,NA,NA,NA
"L159604",0,0,0,0,0,0,0,1,1,1
"L1599536",0,NA,NA,NA,NA,NA,NA,NA,NA,NA
"L1600437",0,NA,NA,NA,NA,NA,NA,NA,NA,NA
"L1601232",0,0,NA,NA,NA,NA,NA,NA,NA,NA
"L1603461",0,1,NA,NA,NA,NA,NA,NA,NA,NA
"L1603504",0,0,0,0,0,NA,NA,NA,NA,NA
"L1604726",0,NA,NA,NA,NA,NA,NA,NA,NA,NA
"L1604932",0,1,NA,NA,NA,NA,NA,NA,NA,NA
"L1606113",0,0,0,0,0,0,0,0,1,1
"L1606279",0,NA,NA,NA,NA,NA,NA,NA,NA,NA
"L1606288",0,0,0,NA,NA,NA,NA,NA,NA,NA
"L1607118",0,NA,NA,NA,NA,NA,NA,NA,NA,NA
"L1607244",0,0,NA,NA,NA,NA,NA,NA,NA,NA
"L1608525",0,0,0,NA,NA,NA,NA,NA,NA,NA
"L1611882",0,0,0,0,0,NA,NA,NA,NA,NA
"L1618110",0,NA,NA,NA,NA,NA,NA,NA,NA,NA
"L1620835",0,NA,NA,NA,NA,NA,NA,NA,NA,NA
"L1623680",0,NA,NA,NA,NA,NA,NA,NA,NA,NA
"L1623920",0,0,0,0,1,NA,NA,NA,NA,NA
"L1627186",0,0,NA,NA,NA,NA,NA,NA,NA,NA
"L162766",0,0,0,0,0,0,0,0,0,0
"L1628858",0,NA,NA,NA,NA,NA,NA,NA,NA,NA
"L1629021",0,0,0,0,1,NA,NA,NA,NA,NA
"L1631173",0,1,NA,NA,NA,NA,NA,NA,NA,NA
"L1632371",0,0,0,0,0,NA,NA,NA,NA,NA
"L1632373",0,0,NA,NA,NA,NA,NA,NA,NA,NA
"L1632559",0,0,0,0,NA,NA,NA,NA,NA,NA
"L163354",0,0,0,0,0,0,0,0,0,0
"L1636103",0,0,NA,NA,NA,NA,NA,NA,NA,NA
"L1638544",0,0,NA,NA,NA,NA,NA,NA,NA,NA
"L1639912",0,NA,NA,NA,NA,NA,NA,NA,NA,NA
"L1640003",0,NA,NA,NA,NA,NA,NA,NA,NA,NA
"L1640072",0,NA,NA,NA,NA,NA,NA,NA,NA,NA
"L1642545",1,NA,NA,NA,NA,NA,NA,NA,NA,NA
"L1651167",0,0,0,0,0,0,0,0,0,0
"L1652747",0,0,0,1,0,0,1,NA,NA,NA
"L1654368",0,0,0,0,0,NA,NA,NA,NA,NA
"L1655976",0,0,NA,NA,NA,NA,NA,NA,NA,NA
"L1657124",0,NA,NA,NA,NA,NA,NA,NA,NA,NA
"L165740",0,0,0,0,0,0,0,0,0,0
"L1657896",0,NA,NA,NA,NA,NA,NA,NA,NA,NA
"L1657916",0,NA,NA,NA,NA,NA,NA,NA,NA,NA
"L165807",0,0,0,0,0,NA,NA,NA,NA,NA
"L1666958",1,NA,NA,NA,NA,NA,NA,NA,NA,NA
"L1667064",0,0,0,0,0,0,0,0,0,0
"L1669177",0,0,0,0,0,1,NA,NA,NA,NA
"L1670044",0,0,NA,NA,NA,NA,NA,NA,NA,NA
"L167401",0,NA,NA,NA,NA,NA,NA,NA,NA,NA
"L1676681",0,0,0,0,0,0,0,0,0,0
"L1699667",0,NA,NA,NA,NA,NA,NA,NA,NA,NA
"L1740844",0,0,0,0,0,0,0,NA,NA,NA
"L1740923",0,NA,NA,NA,NA,NA,NA,NA,NA,NA
"L1741755",0,NA,NA,NA,NA,NA,NA,NA,NA,NA
"L1750433",0,NA,NA,NA,NA,NA,NA,NA,NA,NA
"L1752730",0,NA,NA,NA,NA,NA,NA,NA,NA,NA
"L1758944",0,0,0,0,0,0,NA,NA,NA,NA
"L1759806",0,0,NA,NA,NA,NA,NA,NA,NA,NA
"L1761299",0,NA,NA,NA,NA,NA,NA,NA,NA,NA
"L1762574",0,0,0,0,0,0,0,NA,NA,NA
"L1763917",0,0,0,0,NA,NA,NA,NA,NA,NA
"L1765851",0,NA,NA,NA,NA,NA,NA,NA,NA,NA
"L1767367",0,NA,NA,NA,NA,NA,NA,NA,NA,NA
"L1770314",0,NA,NA,NA,NA,NA,NA,NA,NA,NA
"L1770403",0,0,0,NA,NA,NA,NA,NA,NA,NA
"L1771040",0,0,NA,NA,NA,NA,NA,NA,NA,NA
"L1773279",0,NA,NA,NA,NA,NA,NA,NA,NA,NA
"L1773748",0,0,NA,NA,NA,NA,NA,NA,NA,NA
"L1773890",0,0,NA,NA,NA,NA,NA,NA,NA,NA
"L1775472",0,NA,NA,NA,NA,NA,NA,NA,NA,NA
"L1778134",0,NA,NA,NA,NA,NA,NA,NA,NA,NA
"L1787018",0,0,0,0,0,0,0,0,0,0
"L1787741",0,NA,NA,NA,NA,NA,NA,NA,NA,NA
"L1787961",0,NA,NA,NA,NA,NA,NA,NA,NA,NA
"L1788185",0,NA,NA,NA,NA,NA,NA,NA,NA,NA
"L1789110",0,NA,NA,NA,NA,NA,NA,NA,NA,NA
"L1789662",1,NA,NA,NA,NA,NA,NA,NA,NA,NA
"L1790327",0,0,NA,NA,NA,NA,NA,NA,NA,NA
"L1790673",1,0,NA,NA,NA,NA,NA,NA,NA,NA
"L1792147",0,NA,NA,NA,NA,NA,NA,NA,NA,NA
"L1792167",0,0,1,NA,NA,NA,NA,NA,NA,NA
"L1792176",0,0,NA,NA,NA,NA,NA,NA,NA,NA
"L1792203",0,0,NA,NA,NA,NA,NA,NA,NA,NA
"L1793065",0,0,0,0,0,0,1,NA,NA,NA
"L1793235",0,NA,NA,NA,NA,NA,NA,NA,NA,NA
"L1795848",0,NA,NA,NA,NA,NA,NA,NA,NA,NA
"L1796157",0,0,0,0,0,0,0,0,0,0
"L1798123",0,0,0,0,0,0,NA,NA,NA,NA
"L1798664",0,0,NA,NA,NA,NA,NA,NA,NA,NA
"L1799148",0,0,0,0,NA,NA,NA,NA,NA,NA
"L1800193",0,0,NA,NA,NA,NA,NA,NA,NA,NA
"L1800439",0,0,NA,NA,NA,NA,NA,NA,NA,NA
"L1800537",0,0,NA,NA,NA,NA,NA,NA,NA,NA
"L1801719",0,NA,NA,NA,NA,NA,NA,NA,NA,NA
"L1803245",0,NA,NA,NA,NA,NA,NA,NA,NA,NA
"L1804003",0,NA,NA,NA,NA,NA,NA,NA,NA,NA
"L1811488",0,NA,NA,NA,NA,NA,NA,NA,NA,NA
"L1811643",0,0,NA,NA,NA,NA,NA,NA,NA,NA
"L1812121",1,NA,NA,NA,NA,NA,NA,NA,NA,NA
"L1816066",0,NA,NA,NA,NA,NA,NA,NA,NA,NA
"L1816603",0,NA,NA,NA,NA,NA,NA,NA,NA,NA
"L1818618",0,NA,NA,NA,NA,NA,NA,NA,NA,NA
"L1820174",0,0,0,0,0,0,0,0,0,0
"L1820305",0,NA,NA,NA,NA,NA,NA,NA,NA,NA
"L1821103",0,NA,NA,NA,NA,NA,NA,NA,NA,NA
"L1821736",0,0,NA,NA,NA,NA,NA,NA,NA,NA
"L1822177",0,0,0,NA,NA,NA,NA,NA,NA,NA
"L1822205",0,NA,NA,NA,NA,NA,NA,NA,NA,NA
"L1822681",0,NA,NA,NA,NA,NA,NA,NA,NA,NA
"L1822685",0,0,NA,NA,NA,NA,NA,NA,NA,NA
"L1823125",0,NA,NA,NA,NA,NA,NA,NA,NA,NA
"L1825749",0,0,NA,NA,NA,NA,NA,NA,NA,NA
"L1825769",0,0,0,0,NA,NA,NA,NA,NA,NA
"L1825774",0,1,NA,NA,NA,NA,NA,NA,NA,NA
"L1827521",0,NA,NA,NA,NA,NA,NA,NA,NA,NA
"L1827868",1,NA,NA,NA,NA,NA,NA,NA,NA,NA
"L1828162",1,NA,NA,NA,NA,NA,NA,NA,NA,NA
"L1828173",0,NA,NA,NA,NA,NA,NA,NA,NA,NA
"L1829555",0,0,0,0,0,0,0,0,0,NA
"L1832945",0,NA,NA,NA,NA,NA,NA,NA,NA,NA
"L1833466",1,1,NA,NA,NA,NA,NA,NA,NA,NA
"L1833471",0,0,NA,NA,NA,NA,NA,NA,NA,NA
"L1833996",0,NA,NA,NA,NA,NA,NA,NA,NA,NA
"L1835226",0,NA,NA,NA,NA,NA,NA,NA,NA,NA
"L1835931",0,0,0,0,0,0,0,0,NA,NA
"L1836217",0,0,0,0,0,0,0,0,0,0
"L1837827",0,0,NA,NA,NA,NA,NA,NA,NA,NA
"L1837877",0,0,0,NA,NA,NA,NA,NA,NA,NA
"L1837927",1,NA,NA,NA,NA,NA,NA,NA,NA,NA
"L1839753",0,NA,NA,NA,NA,NA,NA,NA,NA,NA
"L1840498",0,NA,NA,NA,NA,NA,NA,NA,NA,NA
"L1840868",0,0,0,0,0,NA,NA,NA,NA,NA
"L1841767",0,0,0,0,0,0,0,NA,NA,NA
"L1844191",0,0,NA,NA,NA,NA,NA,NA,NA,NA
"L1844451",0,NA,NA,NA,NA,NA,NA,NA,NA,NA
"L1846132",0,0,NA,NA,NA,NA,NA,NA,NA,NA
"L1846182",0,NA,NA,NA,NA,NA,NA,NA,NA,NA
"L1846188",0,0,0,0,NA,NA,NA,NA,NA,NA
"L1847272",0,0,0,NA,NA,NA,NA,NA,NA,NA
"L1848503",1,1,1,NA,NA,NA,NA,NA,NA,NA
"L1849937",1,NA,NA,NA,NA,NA,NA,NA,NA,NA
"L1850430",0,NA,NA,NA,NA,NA,NA,NA,NA,NA
"L1852757",0,0,NA,NA,NA,NA,NA,NA,NA,NA
"L1853023",0,NA,NA,NA,NA,NA,NA,NA,NA,NA
"L1853658",0,NA,NA,NA,NA,NA,NA,NA,NA,NA
"L1854061",0,NA,NA,NA,NA,NA,NA,NA,NA,NA
"L1855770",0,NA,NA,NA,NA,NA,NA,NA,NA,NA
"L1855923",0,0,0,NA,NA,NA,NA,NA,NA,NA
"L1861204",0,0,0,0,NA,NA,NA,NA,NA,NA
"L1861216",0,0,NA,NA,NA,NA,NA,NA,NA,NA
"L1861667",0,0,1,0,0,NA,NA,NA,NA,NA
"L1863844",0,0,NA,NA,NA,NA,NA,NA,NA,NA
"L1864050",0,NA,NA,NA,NA,NA,NA,NA,NA,NA
"L1864119",0,NA,NA,NA,NA,NA,NA,NA,NA,NA
"L1865509",0,NA,NA,NA,NA,NA,NA,NA,NA,NA
"L1866246",0,0,0,0,0,0,0,0,1,1
"L1866270",0,0,0,1,0,NA,NA,NA,NA,NA
"L1866977",0,NA,NA,NA,NA,NA,NA,NA,NA,NA
"L1868726",0,0,NA,NA,NA,NA,NA,NA,NA,NA
"L1868932",0,0,0,NA,NA,NA,NA,NA,NA,NA
"L1869812",0,NA,NA,NA,NA,NA,NA,NA,NA,NA
"L1871067",0,0,1,0,NA,NA,NA,NA,NA,NA
"L1871490",0,0,NA,NA,NA,NA,NA,NA,NA,NA
"L1871503",0,NA,NA,NA,NA,NA,NA,NA,NA,NA
"L1871821",0,NA,NA,NA,NA,NA,NA,NA,NA,NA
"L1871893",0,0,NA,NA,NA,NA,NA,NA,NA,NA
"L1872576",0,0,NA,NA,NA,NA,NA,NA,NA,NA
"L1872762",0,NA,NA,NA,NA,NA,NA,NA,NA,NA
"L1872773",0,0,1,0,1,1,1,1,1,1
"L1874537",0,NA,NA,NA,NA,NA,NA,NA,NA,NA
"L1877081",0,NA,NA,NA,NA,NA,NA,NA,NA,NA
"L1877211",0,NA,NA,NA,NA,NA,NA,NA,NA,NA
"L1877759",0,1,NA,NA,NA,NA,NA,NA,NA,NA
"L1877975",0,0,NA,NA,NA,NA,NA,NA,NA,NA
"L1877990",0,0,0,NA,NA,NA,NA,NA,NA,NA
"L1878100",0,NA,NA,NA,NA,NA,NA,NA,NA,NA
"L1878400",0,0,0,0,0,0,0,0,0,0
"L1878598",0,0,NA,NA,NA,NA,NA,NA,NA,NA
"L1878628",0,NA,NA,NA,NA,NA,NA,NA,NA,NA
"L1881806",0,NA,NA,NA,NA,NA,NA,NA,NA,NA
"L1883320",0,0,NA,NA,NA,NA,NA,NA,NA,NA
"L1883335",0,NA,NA,NA,NA,NA,NA,NA,NA,NA
"L1884696",0,NA,NA,NA,NA,NA,NA,NA,NA,NA
"L1886779",0,0,0,NA,NA,NA,NA,NA,NA,NA
"L1887877",0,0,0,NA,NA,NA,NA,NA,NA,NA
"L1888122",0,NA,NA,NA,NA,NA,NA,NA,NA,NA
"L1888469",0,0,NA,NA,NA,NA,NA,NA,NA,NA
"L1889810",0,NA,NA,NA,NA,NA,NA,NA,NA,NA
"L1889911",0,NA,NA,NA,NA,NA,NA,NA,NA,NA
"L1890302",0,0,NA,NA,NA,NA,NA,NA,NA,NA
"L1893510",0,NA,NA,NA,NA,NA,NA,NA,NA,NA
"L1894140",0,NA,NA,NA,NA,NA,NA,NA,NA,NA
"L1895102",0,NA,NA,NA,NA,NA,NA,NA,NA,NA
"L1895139",0,NA,NA,NA,NA,NA,NA,NA,NA,NA
"L1896056",0,0,NA,NA,NA,NA,NA,NA,NA,NA
"L1896534",0,NA,NA,NA,NA,NA,NA,NA,NA,NA
"L1896553",0,0,0,0,0,0,0,0,0,0
"L1896961",0,0,1,0,NA,NA,NA,NA,NA,NA
"L1898596",0,NA,NA,NA,NA,NA,NA,NA,NA,NA
"L1900537",0,NA,NA,NA,NA,NA,NA,NA,NA,NA
"L1901379",0,NA,NA,NA,NA,NA,NA,NA,NA,NA
"L190171",0,0,0,0,0,NA,NA,NA,NA,NA
"L1901885",0,NA,NA,NA,NA,NA,NA,NA,NA,NA
"L1901908",0,0,0,NA,NA,NA,NA,NA,NA,NA
"L1902011",0,NA,NA,NA,NA,NA,NA,NA,NA,NA
"L1902252",0,NA,NA,NA,NA,NA,NA,NA,NA,NA
"L1903736",0,0,0,0,0,0,0,0,0,NA
"L1903985",0,0,0,0,0,0,0,NA,NA,NA
"L1904020",1,NA,NA,NA,NA,NA,NA,NA,NA,NA
"L1904023",0,NA,NA,NA,NA,NA,NA,NA,NA,NA
"L1904047",0,0,NA,NA,NA,NA,NA,NA,NA,NA
"L1904055",0,NA,NA,NA,NA,NA,NA,NA,NA,NA
"L190512",0,0,0,0,0,0,0,0,0,0
"L1905867",1,NA,NA,NA,NA,NA,NA,NA,NA,NA
"L1907660",0,NA,NA,NA,NA,NA,NA,NA,NA,NA
"L1909318",0,NA,NA,NA,NA,NA,NA,NA,NA,NA
"L1910144",0,NA,NA,NA,NA,NA,NA,NA,NA,NA
"L1916207",0,0,NA,NA,NA,NA,NA,NA,NA,NA
"L1916720",0,NA,NA,NA,NA,NA,NA,NA,NA,NA
"L1918401",0,0,0,0,0,0,0,0,0,0
"L1919369",0,1,1,NA,NA,NA,NA,NA,NA,NA
"L1921174",0,0,1,NA,NA,NA,NA,NA,NA,NA
"L1921192",0,0,1,1,NA,NA,NA,NA,NA,NA
"L1922848",0,0,NA,NA,NA,NA,NA,NA,NA,NA
"L1923049",0,0,NA,NA,NA,NA,NA,NA,NA,NA
"L1924233",0,0,NA,NA,NA,NA,NA,NA,NA,NA
"L1924485",0,0,NA,NA,NA,NA,NA,NA,NA,NA
"L1925114",0,0,0,NA,NA,NA,NA,NA,NA,NA
"L1926493",0,0,1,NA,NA,NA,NA,NA,NA,NA
"L1926518",0,NA,NA,NA,NA,NA,NA,NA,NA,NA
"L1929031",0,NA,NA,NA,NA,NA,NA,NA,NA,NA
"L192934",0,0,0,0,0,0,0,0,NA,NA
"L1929638",0,0,0,0,0,0,NA,NA,NA,NA
"L1930814",0,0,0,0,0,0,NA,NA,NA,NA
"L1931447",0,0,0,0,NA,NA,NA,NA,NA,NA
"L1931820",0,0,0,NA,NA,NA,NA,NA,NA,NA
"L1932166",0,NA,NA,NA,NA,NA,NA,NA,NA,NA
"L1932925",0,NA,NA,NA,NA,NA,NA,NA,NA,NA
"L1933165",0,NA,NA,NA,NA,NA,NA,NA,NA,NA
"L1933215",0,NA,NA,NA,NA,NA,NA,NA,NA,NA
"L1933404",0,0,0,0,0,NA,NA,NA,NA,NA
"L1934801",0,NA,NA,NA,NA,NA,NA,NA,NA,NA
"L1935655",0,0,0,0,NA,NA,NA,NA,NA,NA
"L1937286",0,NA,NA,NA,NA,NA,NA,NA,NA,NA
"L1938278",0,0,0,NA,NA,NA,NA,NA,NA,NA
"L1938281",0,NA,NA,NA,NA,NA,NA,NA,NA,NA
"L1942307",0,0,0,NA,NA,NA,NA,NA,NA,NA
"L1943264",0,0,0,0,0,0,0,0,0,0
"L1943402",0,0,NA,NA,NA,NA,NA,NA,NA,NA
"L194579",0,NA,NA,NA,NA,NA,NA,NA,NA,NA
"L1948157",0,0,NA,NA,NA,NA,NA,NA,NA,NA
"L1949795",0,0,NA,NA,NA,NA,NA,NA,NA,NA
"L1950351",0,0,NA,NA,NA,NA,NA,NA,NA,NA
"L1950416",0,0,1,NA,NA,NA,NA,NA,NA,NA
"L1950677",0,NA,NA,NA,NA,NA,NA,NA,NA,NA
"L1951188",0,0,0,0,NA,NA,NA,NA,NA,NA
"L1951946",0,NA,NA,NA,NA,NA,NA,NA,NA,NA
"L1951986",0,0,0,0,0,0,0,0,0,0
"L1952159",0,0,0,0,0,0,0,0,0,0
"L1952203",0,NA,NA,NA,NA,NA,NA,NA,NA,NA
"L1952373",0,NA,NA,NA,NA,NA,NA,NA,NA,NA
"L1954926",0,0,0,0,0,0,0,0,0,0
"L1955160",0,NA,NA,NA,NA,NA,NA,NA,NA,NA
"L1955533",0,0,NA,NA,NA,NA,NA,NA,NA,NA
"L195645",0,0,0,NA,NA,NA,NA,NA,NA,NA
"L1958924",0,NA,NA,NA,NA,NA,NA,NA,NA,NA
"L1963886",0,NA,NA,NA,NA,NA,NA,NA,NA,NA
"L1964117",0,NA,NA,NA,NA,NA,NA,NA,NA,NA
"L196522",0,NA,NA,NA,NA,NA,NA,NA,NA,NA
"L1971356",0,0,0,0,0,0,0,0,0,0
"L1972315",0,0,0,0,0,NA,NA,NA,NA,NA
"L1974674",0,NA,NA,NA,NA,NA,NA,NA,NA,NA
"L197580",0,NA,NA,NA,NA,NA,NA,NA,NA,NA
"L1977341",0,0,0,0,NA,NA,NA,NA,NA,NA
"L1977659",0,0,0,0,NA,NA,NA,NA,NA,NA
"L1978527",0,NA,NA,NA,NA,NA,NA,NA,NA,NA
"L1978567",0,NA,NA,NA,NA,NA,NA,NA,NA,NA
"L1978880",0,NA,NA,NA,NA,NA,NA,NA,NA,NA
"L1984325",0,NA,NA,NA,NA,NA,NA,NA,NA,NA
"L1986838",0,0,0,0,0,NA,NA,NA,NA,NA
"L198722",0,NA,NA,NA,NA,NA,NA,NA,NA,NA
"L1989786",0,0,NA,NA,NA,NA,NA,NA,NA,NA
"L1989953",0,0,NA,NA,NA,NA,NA,NA,NA,NA
"L199273",0,0,0,0,0,0,0,0,0,0
"L199418",0,0,0,0,0,0,0,0,0,0
"L1994801",0,NA,NA,NA,NA,NA,NA,NA,NA,NA
"L2001030",0,0,1,NA,NA,NA,NA,NA,NA,NA
"L200516",0,0,0,0,0,0,0,0,0,0
"L2006240",0,NA,NA,NA,NA,NA,NA,NA,NA,NA
"L2006312",0,0,NA,NA,NA,NA,NA,NA,NA,NA
"L201358",0,0,0,0,1,NA,NA,NA,NA,NA
"L2015260",0,NA,NA,NA,NA,NA,NA,NA,NA,NA
"L2018947",0,0,0,1,NA,NA,NA,NA,NA,NA
"L2020863",0,NA,NA,NA,NA,NA,NA,NA,NA,NA
"L2021601",0,NA,NA,NA,NA,NA,NA,NA,NA,NA
"L2022890",0,0,NA,NA,NA,NA,NA,NA,NA,NA
"L2024143",0,NA,NA,NA,NA,NA,NA,NA,NA,NA
"L2024586",0,NA,NA,NA,NA,NA,NA,NA,NA,NA
"L2024885",0,0,0,NA,NA,NA,NA,NA,NA,NA
"L2026096",0,NA,NA,NA,NA,NA,NA,NA,NA,NA
"L2026451",1,NA,NA,NA,NA,NA,NA,NA,NA,NA
"L2026671",0,0,0,NA,NA,NA,NA,NA,NA,NA
"L2026777",0,NA,NA,NA,NA,NA,NA,NA,NA,NA
"L2027139",0,0,0,0,0,0,0,0,0,1
"L2027427",0,NA,NA,NA,NA,NA,NA,NA,NA,NA
"L2027845",0,0,0,0,0,0,0,0,0,0
"L2030180",0,0,NA,NA,NA,NA,NA,NA,NA,NA
"L2030183",0,NA,NA,NA,NA,NA,NA,NA,NA,NA
"L2030195",0,NA,NA,NA,NA,NA,NA,NA,NA,NA
"L2030229",0,NA,NA,NA,NA,NA,NA,NA,NA,NA
"L2030664",0,NA,NA,NA,NA,NA,NA,NA,NA,NA
"L2031304",0,0,NA,NA,NA,NA,NA,NA,NA,NA
"L2031308",0,NA,NA,NA,NA,NA,NA,NA,NA,NA
"L2031329",0,NA,NA,NA,NA,NA,NA,NA,NA,NA
"L2031376",0,0,0,0,0,0,0,0,0,0
"L2031622",0,NA,NA,NA,NA,NA,NA,NA,NA,NA
"L2031687",0,NA,NA,NA,NA,NA,NA,NA,NA,NA
"L2031709",0,0,0,NA,NA,NA,NA,NA,NA,NA
"L2031717",0,NA,NA,NA,NA,NA,NA,NA,NA,NA
"L2031934",0,0,NA,NA,NA,NA,NA,NA,NA,NA
"L2032081",0,NA,NA,NA,NA,NA,NA,NA,NA,NA
"L2032335",0,0,NA,NA,NA,NA,NA,NA,NA,NA
"L2032607",0,NA,NA,NA,NA,NA,NA,NA,NA,NA
"L2032894",0,NA,NA,NA,NA,NA,NA,NA,NA,NA
"L2033777",0,NA,NA,NA,NA,NA,NA,NA,NA,NA
"L2033793",0,0,NA,NA,NA,NA,NA,NA,NA,NA
"L2033884",0,NA,NA,NA,NA,NA,NA,NA,NA,NA
"L2034055",0,0,NA,NA,NA,NA,NA,NA,NA,NA
"L2034057",0,0,0,0,0,0,0,0,0,0
"L2034069",0,NA,NA,NA,NA,NA,NA,NA,NA,NA
"L2034079",0,NA,NA,NA,NA,NA,NA,NA,NA,NA
"L2034081",0,NA,NA,NA,NA,NA,NA,NA,NA,NA
"L2034446",0,NA,NA,NA,NA,NA,NA,NA,NA,NA
"L2034472",1,1,NA,NA,NA,NA,NA,NA,NA,NA
"L2034481",0,NA,NA,NA,NA,NA,NA,NA,NA,NA
"L2034485",0,0,NA,NA,NA,NA,NA,NA,NA,NA
"L2034689",0,NA,NA,NA,NA,NA,NA,NA,NA,NA
"L2035209",0,NA,NA,NA,NA,NA,NA,NA,NA,NA
"L2035383",0,NA,NA,NA,NA,NA,NA,NA,NA,NA
"L2035481",0,0,0,0,0,0,0,0,0,0
"L2035734",0,NA,NA,NA,NA,NA,NA,NA,NA,NA
"L2035791",0,0,NA,NA,NA,NA,NA,NA,NA,NA
"L2035883",0,0,0,0,0,0,0,0,0,0
"L2035922",0,NA,NA,NA,NA,NA,NA,NA,NA,NA
"L2036016",0,NA,NA,NA,NA,NA,NA,NA,NA,NA
"L2036077",0,0,NA,NA,NA,NA,NA,NA,NA,NA
"L2036081",0,NA,NA,NA,NA,NA,NA,NA,NA,NA
"L2036084",0,NA,NA,NA,NA,NA,NA,NA,NA,NA
"L2036433",0,NA,NA,NA,NA,NA,NA,NA,NA,NA
"L2036441",0,NA,NA,NA,NA,NA,NA,NA,NA,NA
"L2036513",0,0,0,NA,NA,NA,NA,NA,NA,NA
"L2036522",0,0,NA,NA,NA,NA,NA,NA,NA,NA
"L2036702",0,NA,NA,NA,NA,NA,NA,NA,NA,NA
"L2036763",0,NA,NA,NA,NA,NA,NA,NA,NA,NA
"L2037162",0,NA,NA,NA,NA,NA,NA,NA,NA,NA
"L2037467",0,0,NA,NA,NA,NA,NA,NA,NA,NA
"L2037471",0,NA,NA,NA,NA,NA,NA,NA,NA,NA
"L2037482",0,NA,NA,NA,NA,NA,NA,NA,NA,NA
"L2037494",0,NA,NA,NA,NA,NA,NA,NA,NA,NA
"L2037521",0,NA,NA,NA,NA,NA,NA,NA,NA,NA
"L2038060",0,0,0,0,0,0,0,0,0,0
"L2038091",0,NA,NA,NA,NA,NA,NA,NA,NA,NA
"L2040018",0,NA,NA,NA,NA,NA,NA,NA,NA,NA
"L2040603",0,0,NA,NA,NA,NA,NA,NA,NA,NA
"L2041417",0,NA,NA,NA,NA,NA,NA,NA,NA,NA
"L2041566",0,NA,NA,NA,NA,NA,NA,NA,NA,NA
"L2041723",0,NA,NA,NA,NA,NA,NA,NA,NA,NA
"L2042074",0,NA,NA,NA,NA,NA,NA,NA,NA,NA
"L2042119",0,NA,NA,NA,NA,NA,NA,NA,NA,NA
"L2042165",0,NA,NA,NA,NA,NA,NA,NA,NA,NA
"L2042247",0,0,NA,NA,NA,NA,NA,NA,NA,NA
"L2042320",0,NA,NA,NA,NA,NA,NA,NA,NA,NA
"L2042447",0,NA,NA,NA,NA,NA,NA,NA,NA,NA
"L2042476",0,NA,NA,NA,NA,NA,NA,NA,NA,NA
"L2042695",0,NA,NA,NA,NA,NA,NA,NA,NA,NA
"L2042815",0,0,NA,NA,NA,NA,NA,NA,NA,NA
"L2042839",0,NA,NA,NA,NA,NA,NA,NA,NA,NA
"L2042901",0,NA,NA,NA,NA,NA,NA,NA,NA,NA
"L2043009",0,NA,NA,NA,NA,NA,NA,NA,NA,NA
"L2043218",0,NA,NA,NA,NA,NA,NA,NA,NA,NA
"L2043345",0,0,0,0,0,0,NA,NA,NA,NA
"L2043430",0,NA,NA,NA,NA,NA,NA,NA,NA,NA
"L2043600",0,0,NA,NA,NA,NA,NA,NA,NA,NA
"L2043651",0,NA,NA,NA,NA,NA,NA,NA,NA,NA
"L2043658",0,0,NA,NA,NA,NA,NA,NA,NA,NA
"L2043790",0,NA,NA,NA,NA,NA,NA,NA,NA,NA
"L2043952",0,NA,NA,NA,NA,NA,NA,NA,NA,NA
"L2044053",0,NA,NA,NA,NA,NA,NA,NA,NA,NA
"L2044095",0,NA,NA,NA,NA,NA,NA,NA,NA,NA
"L2044131",0,0,0,0,NA,NA,NA,NA,NA,NA
"L2044192",0,NA,NA,NA,NA,NA,NA,NA,NA,NA
"L2046727",0,NA,NA,NA,NA,NA,NA,NA,NA,NA
"L2046785",0,1,1,NA,NA,NA,NA,NA,NA,NA
"L2046827",0,NA,NA,NA,NA,NA,NA,NA,NA,NA
"L2046830",0,0,0,0,0,0,0,NA,NA,NA
"L2046843",0,NA,NA,NA,NA,NA,NA,NA,NA,NA
"L2046909",0,NA,NA,NA,NA,NA,NA,NA,NA,NA
"L2046983",0,NA,NA,NA,NA,NA,NA,NA,NA,NA
"L2048573",0,0,NA,NA,NA,NA,NA,NA,NA,NA
"L2049167",0,NA,NA,NA,NA,NA,NA,NA,NA,NA
"L2049410",0,NA,NA,NA,NA,NA,NA,NA,NA,NA
"L2053299",0,NA,NA,NA,NA,NA,NA,NA,NA,NA
"L2053312",0,NA,NA,NA,NA,NA,NA,NA,NA,NA
"L2053333",0,NA,NA,NA,NA,NA,NA,NA,NA,NA
"L2053382",0,NA,NA,NA,NA,NA,NA,NA,NA,NA
"L2053404",0,NA,NA,NA,NA,NA,NA,NA,NA,NA
"L2053419",0,NA,NA,NA,NA,NA,NA,NA,NA,NA
"L2053474",0,NA,NA,NA,NA,NA,NA,NA,NA,NA
"L2053568",0,NA,NA,NA,NA,NA,NA,NA,NA,NA
"L2053585",0,NA,NA,NA,NA,NA,NA,NA,NA,NA
"L2053623",0,NA,NA,NA,NA,NA,NA,NA,NA,NA
"L2053636",0,NA,NA,NA,NA,NA,NA,NA,NA,NA
"L2053655",0,NA,NA,NA,NA,NA,NA,NA,NA,NA
"L2053671",0,0,0,0,0,0,0,0,NA,NA
"L2053964",0,NA,NA,NA,NA,NA,NA,NA,NA,NA
"L2054002",0,NA,NA,NA,NA,NA,NA,NA,NA,NA
"L2054207",0,0,0,0,0,NA,NA,NA,NA,NA
"L2054654",0,NA,NA,NA,NA,NA,NA,NA,NA,NA
"L2054763",0,NA,NA,NA,NA,NA,NA,NA,NA,NA
"L2054829",0,NA,NA,NA,NA,NA,NA,NA,NA,NA
"L2055158",0,0,0,0,0,0,0,0,0,0
"L2055232",0,NA,NA,NA,NA,NA,NA,NA,NA,NA
"L2055270",0,NA,NA,NA,NA,NA,NA,NA,NA,NA
"L2055277",0,NA,NA,NA,NA,NA,NA,NA,NA,NA
"L2055600",0,NA,NA,NA,NA,NA,NA,NA,NA,NA
"L2055685",0,NA,NA,NA,NA,NA,NA,NA,NA,NA
"L2055800",0,NA,NA,NA,NA,NA,NA,NA,NA,NA
"L2055864",0,NA,NA,NA,NA,NA,NA,NA,NA,NA
"L2055907",0,NA,NA,NA,NA,NA,NA,NA,NA,NA
"L2055911",0,NA,NA,NA,NA,NA,NA,NA,NA,NA
"L2056359",0,0,0,0,0,0,0,0,0,0
"L2056361",0,NA,NA,NA,NA,NA,NA,NA,NA,NA
"L2056385",0,0,0,NA,NA,NA,NA,NA,NA,NA
"L2056418",0,NA,NA,NA,NA,NA,NA,NA,NA,NA
"L2056498",0,0,0,NA,NA,NA,NA,NA,NA,NA
"L2056869",0,NA,NA,NA,NA,NA,NA,NA,NA,NA
"L2057880",0,NA,NA,NA,NA,NA,NA,NA,NA,NA
"L2057959",0,NA,NA,NA,NA,NA,NA,NA,NA,NA
"L2057967",0,NA,NA,NA,NA,NA,NA,NA,NA,NA
"L2058608",0,0,0,0,0,0,0,0,0,0
"L2058832",0,NA,NA,NA,NA,NA,NA,NA,NA,NA
"L2058967",0,1,NA,NA,NA,NA,NA,NA,NA,NA
"L2058984",0,NA,NA,NA,NA,NA,NA,NA,NA,NA
"L2059030",0,NA,NA,NA,NA,NA,NA,NA,NA,NA
"L2059205",0,NA,NA,NA,NA,NA,NA,NA,NA,NA
"L2059373",0,NA,NA,NA,NA,NA,NA,NA,NA,NA
"L2059378",0,NA,NA,NA,NA,NA,NA,NA,NA,NA
"L2060123",0,0,NA,NA,NA,NA,NA,NA,NA,NA
"L2061083",0,NA,NA,NA,NA,NA,NA,NA,NA,NA
"L2061555",0,NA,NA,NA,NA,NA,NA,NA,NA,NA
"L2061664",0,NA,NA,NA,NA,NA,NA,NA,NA,NA
"L2061669",0,NA,NA,NA,NA,NA,NA,NA,NA,NA
"L2061844",0,NA,NA,NA,NA,NA,NA,NA,NA,NA
"L2062185",0,NA,NA,NA,NA,NA,NA,NA,NA,NA
"L2062289",0,NA,NA,NA,NA,NA,NA,NA,NA,NA
"L2062352",0,NA,NA,NA,NA,NA,NA,NA,NA,NA
"L2062389",0,NA,NA,NA,NA,NA,NA,NA,NA,NA
"L2062409",0,NA,NA,NA,NA,NA,NA,NA,NA,NA
"L2062716",1,NA,NA,NA,NA,NA,NA,NA,NA,NA
"L2062737",0,NA,NA,NA,NA,NA,NA,NA,NA,NA
"L2062762",0,NA,NA,NA,NA,NA,NA,NA,NA,NA
"L2062963",0,NA,NA,NA,NA,NA,NA,NA,NA,NA
"L2062988",0,0,NA,NA,NA,NA,NA,NA,NA,NA
"L2063164",0,NA,NA,NA,NA,NA,NA,NA,NA,NA
"L2063643",0,NA,NA,NA,NA,NA,NA,NA,NA,NA
"L2063690",0,NA,NA,NA,NA,NA,NA,NA,NA,NA
"L2064117",0,0,0,0,0,0,NA,NA,NA,NA
"L2064458",0,NA,NA,NA,NA,NA,NA,NA,NA,NA
"L2064957",0,NA,NA,NA,NA,NA,NA,NA,NA,NA
"L2065022",0,NA,NA,NA,NA,NA,NA,NA,NA,NA
"L2065023",0,NA,NA,NA,NA,NA,NA,NA,NA,NA
"L2065298",0,NA,NA,NA,NA,NA,NA,NA,NA,NA
"L2065376",0,NA,NA,NA,NA,NA,NA,NA,NA,NA
"L2065490",0,NA,NA,NA,NA,NA,NA,NA,NA,NA
"L2065881",0,NA,NA,NA,NA,NA,NA,NA,NA,NA
"L2065967",0,NA,NA,NA,NA,NA,NA,NA,NA,NA
"L2066139",0,0,NA,NA,NA,NA,NA,NA,NA,NA
"L2066702",0,NA,NA,NA,NA,NA,NA,NA,NA,NA
"L2066705",0,0,0,0,0,0,0,0,0,0
"L2066921",0,0,0,NA,NA,NA,NA,NA,NA,NA
"L2067168",0,NA,NA,NA,NA,NA,NA,NA,NA,NA
"L2067182",0,NA,NA,NA,NA,NA,NA,NA,NA,NA
"L2067188",0,NA,NA,NA,NA,NA,NA,NA,NA,NA
"L2067194",0,NA,NA,NA,NA,NA,NA,NA,NA,NA
"L2067222",0,0,1,NA,NA,NA,NA,NA,NA,NA
"L2067223",0,0,NA,NA,NA,NA,NA,NA,NA,NA
"L2067224",0,0,0,0,0,0,0,0,0,0
"L2067943",0,NA,NA,NA,NA,NA,NA,NA,NA,NA
"L2067963",0,NA,NA,NA,NA,NA,NA,NA,NA,NA
"L2067993",0,NA,NA,NA,NA,NA,NA,NA,NA,NA
"L2068408",0,NA,NA,NA,NA,NA,NA,NA,NA,NA
"L2068409",0,NA,NA,NA,NA,NA,NA,NA,NA,NA
"L2068411",0,NA,NA,NA,NA,NA,NA,NA,NA,NA
"L2068414",0,0,NA,NA,NA,NA,NA,NA,NA,NA
"L2068418",0,0,NA,NA,NA,NA,NA,NA,NA,NA
"L2068630",0,NA,NA,NA,NA,NA,NA,NA,NA,NA
"L2068679",0,NA,NA,NA,NA,NA,NA,NA,NA,NA
"L2068705",0,NA,NA,NA,NA,NA,NA,NA,NA,NA
"L2069151",0,NA,NA,NA,NA,NA,NA,NA,NA,NA
"L2069286",0,NA,NA,NA,NA,NA,NA,NA,NA,NA
"L2069650",0,0,0,0,0,0,0,0,0,0
"L2069865",0,0,NA,NA,NA,NA,NA,NA,NA,NA
"L2069998",0,NA,NA,NA,NA,NA,NA,NA,NA,NA
"L2070378",0,0,0,NA,NA,NA,NA,NA,NA,NA
"L2070823",0,NA,NA,NA,NA,NA,NA,NA,NA,NA
"L2070919",0,0,0,NA,NA,NA,NA,NA,NA,NA
"L2070962",0,0,0,0,0,0,0,0,NA,NA
"L207333",0,0,0,0,0,1,NA,NA,NA,NA
"L2074052",0,NA,NA,NA,NA,NA,NA,NA,NA,NA
"L2074158",0,NA,NA,NA,NA,NA,NA,NA,NA,NA
"L2075439",0,NA,NA,NA,NA,NA,NA,NA,NA,NA
"L2076232",0,NA,NA,NA,NA,NA,NA,NA,NA,NA
"L2076548",0,NA,NA,NA,NA,NA,NA,NA,NA,NA
"L2076855",0,NA,NA,NA,NA,NA,NA,NA,NA,NA
"L2077038",0,0,0,0,0,0,0,0,0,0
"L2077485",0,NA,NA,NA,NA,NA,NA,NA,NA,NA
"L2077494",0,NA,NA,NA,NA,NA,NA,NA,NA,NA
"L2077677",0,0,NA,NA,NA,NA,NA,NA,NA,NA
"L2077719",0,NA,NA,NA,NA,NA,NA,NA,NA,NA
"L2077863",0,NA,NA,NA,NA,NA,NA,NA,NA,NA
"L2078020",0,NA,NA,NA,NA,NA,NA,NA,NA,NA
"L2078175",0,NA,NA,NA,NA,NA,NA,NA,NA,NA
"L2078835",0,NA,NA,NA,NA,NA,NA,NA,NA,NA
"L2079146",0,NA,NA,NA,NA,NA,NA,NA,NA,NA
"L2079205",0,NA,NA,NA,NA,NA,NA,NA,NA,NA
"L2079280",0,NA,NA,NA,NA,NA,NA,NA,NA,NA
"L2079299",0,0,NA,NA,NA,NA,NA,NA,NA,NA
"L2079312",0,NA,NA,NA,NA,NA,NA,NA,NA,NA
"L2079372",0,NA,NA,NA,NA,NA,NA,NA,NA,NA
"L2079394",0,NA,NA,NA,NA,NA,NA,NA,NA,NA
"L2079538",0,NA,NA,NA,NA,NA,NA,NA,NA,NA
"L2079557",0,NA,NA,NA,NA,NA,NA,NA,NA,NA
"L2079667",0,NA,NA,NA,NA,NA,NA,NA,NA,NA
"L2080054",0,NA,NA,NA,NA,NA,NA,NA,NA,NA
"L2080151",0,NA,NA,NA,NA,NA,NA,NA,NA,NA
"L2080276",0,0,NA,NA,NA,NA,NA,NA,NA,NA
"L2080336",0,0,NA,NA,NA,NA,NA,NA,NA,NA
"L2080648",0,NA,NA,NA,NA,NA,NA,NA,NA,NA
"L2081199",0,NA,NA,NA,NA,NA,NA,NA,NA,NA
"L2081301",0,NA,NA,NA,NA,NA,NA,NA,NA,NA
"L2081483",0,0,NA,NA,NA,NA,NA,NA,NA,NA
"L2081784",0,0,0,0,0,0,0,0,0,0
"L2081817",0,NA,NA,NA,NA,NA,NA,NA,NA,NA
"L2081917",0,NA,NA,NA,NA,NA,NA,NA,NA,NA
"L2082294",0,NA,NA,NA,NA,NA,NA,NA,NA,NA
"L2082307",0,NA,NA,NA,NA,NA,NA,NA,NA,NA
"L2082696",0,1,NA,NA,NA,NA,NA,NA,NA,NA
"L2083063",0,NA,NA,NA,NA,NA,NA,NA,NA,NA
"L2083127",0,NA,NA,NA,NA,NA,NA,NA,NA,NA
"L2083132",0,0,NA,NA,NA,NA,NA,NA,NA,NA
"L2083279",0,0,0,0,0,0,0,0,NA,NA
"L2083315",0,NA,NA,NA,NA,NA,NA,NA,NA,NA
"L2083339",0,NA,NA,NA,NA,NA,NA,NA,NA,NA
"L2083363",0,NA,NA,NA,NA,NA,NA,NA,NA,NA
"L2083367",0,NA,NA,NA,NA,NA,NA,NA,NA,NA
"L2083372",0,0,NA,NA,NA,NA,NA,NA,NA,NA
"L2083481",0,NA,NA,NA,NA,NA,NA,NA,NA,NA
"L2083568",0,0,0,NA,NA,NA,NA,NA,NA,NA
"L2084231",0,0,0,1,0,0,0,NA,NA,NA
"L2084318",0,NA,NA,NA,NA,NA,NA,NA,NA,NA
"L2084353",0,NA,NA,NA,NA,NA,NA,NA,NA,NA
"L2084449",0,NA,NA,NA,NA,NA,NA,NA,NA,NA
"L2084479",0,NA,NA,NA,NA,NA,NA,NA,NA,NA
"L2084487",0,NA,NA,NA,NA,NA,NA,NA,NA,NA
"L2084714",0,NA,NA,NA,NA,NA,NA,NA,NA,NA
"L2084749",0,0,0,0,0,0,0,0,0,0
"L2085273",0,NA,NA,NA,NA,NA,NA,NA,NA,NA
"L2085288",0,NA,NA,NA,NA,NA,NA,NA,NA,NA
"L2085380",0,NA,NA,NA,NA,NA,NA,NA,NA,NA
"L2085423",0,NA,NA,NA,NA,NA,NA,NA,NA,NA
"L2085671",0,NA,NA,NA,NA,NA,NA,NA,NA,NA
"L2085677",0,NA,NA,NA,NA,NA,NA,NA,NA,NA
"L2085744",0,0,0,0,NA,NA,NA,NA,NA,NA
"L2085776",0,NA,NA,NA,NA,NA,NA,NA,NA,NA
"L2085784",0,NA,NA,NA,NA,NA,NA,NA,NA,NA
"L2085822",0,NA,NA,NA,NA,NA,NA,NA,NA,NA
"L2085974",0,NA,NA,NA,NA,NA,NA,NA,NA,NA
"L2086051",0,0,NA,NA,NA,NA,NA,NA,NA,NA
"L2086054",0,NA,NA,NA,NA,NA,NA,NA,NA,NA
"L2086092",0,0,NA,NA,NA,NA,NA,NA,NA,NA
"L2086125",0,NA,NA,NA,NA,NA,NA,NA,NA,NA
"L2086191",0,NA,NA,NA,NA,NA,NA,NA,NA,NA
"L2086198",0,NA,NA,NA,NA,NA,NA,NA,NA,NA
"L2086240",0,NA,NA,NA,NA,NA,NA,NA,NA,NA
"L2086406",0,NA,NA,NA,NA,NA,NA,NA,NA,NA
"L2086545",0,0,NA,NA,NA,NA,NA,NA,NA,NA
"L2086817",0,NA,NA,NA,NA,NA,NA,NA,NA,NA
"L2086909",0,NA,NA,NA,NA,NA,NA,NA,NA,NA
"L2087261",0,NA,NA,NA,NA,NA,NA,NA,NA,NA
"L2087540",0,NA,NA,NA,NA,NA,NA,NA,NA,NA
"L2087956",0,NA,NA,NA,NA,NA,NA,NA,NA,NA
"L2087995",0,NA,NA,NA,NA,NA,NA,NA,NA,NA
"L2087998",0,0,NA,NA,NA,NA,NA,NA,NA,NA
"L2088011",0,NA,NA,NA,NA,NA,NA,NA,NA,NA
"L2088363",0,NA,NA,NA,NA,NA,NA,NA,NA,NA
"L2088633",0,NA,NA,NA,NA,NA,NA,NA,NA,NA
"L2088672",0,NA,NA,NA,NA,NA,NA,NA,NA,NA
"L2088985",0,NA,NA,NA,NA,NA,NA,NA,NA,NA
"L2089041",0,NA,NA,NA,NA,NA,NA,NA,NA,NA
"L2089391",0,NA,NA,NA,NA,NA,NA,NA,NA,NA
"L2089415",0,NA,NA,NA,NA,NA,NA,NA,NA,NA
"L2090004",0,NA,NA,NA,NA,NA,NA,NA,NA,NA
"L2090168",0,NA,NA,NA,NA,NA,NA,NA,NA,NA
"L2090204",0,NA,NA,NA,NA,NA,NA,NA,NA,NA
"L2090946",0,NA,NA,NA,NA,NA,NA,NA,NA,NA
"L2091116",0,NA,NA,NA,NA,NA,NA,NA,NA,NA
"L2091243",0,NA,NA,NA,NA,NA,NA,NA,NA,NA
"L2091401",0,NA,NA,NA,NA,NA,NA,NA,NA,NA
"L2091500",0,NA,NA,NA,NA,NA,NA,NA,NA,NA
"L2091520",0,0,0,0,NA,NA,NA,NA,NA,NA
"L2092082",0,NA,NA,NA,NA,NA,NA,NA,NA,NA
"L2092127",0,NA,NA,NA,NA,NA,NA,NA,NA,NA
"L2092507",0,0,0,NA,NA,NA,NA,NA,NA,NA
"L2092548",0,NA,NA,NA,NA,NA,NA,NA,NA,NA
"L2092603",0,NA,NA,NA,NA,NA,NA,NA,NA,NA
"L2092933",0,NA,NA,NA,NA,NA,NA,NA,NA,NA
"L2093169",0,NA,NA,NA,NA,NA,NA,NA,NA,NA
"L2093719",0,NA,NA,NA,NA,NA,NA,NA,NA,NA
"L2093749",0,0,0,0,1,0,NA,NA,NA,NA
"L2093941",0,NA,NA,NA,NA,NA,NA,NA,NA,NA
"L2094046",0,NA,NA,NA,NA,NA,NA,NA,NA,NA
"L2094570",0,NA,NA,NA,NA,NA,NA,NA,NA,NA
"L2094830",0,NA,NA,NA,NA,NA,NA,NA,NA,NA
"L2095135",0,NA,NA,NA,NA,NA,NA,NA,NA,NA
"L2095150",0,NA,NA,NA,NA,NA,NA,NA,NA,NA
"L2095292",0,NA,NA,NA,NA,NA,NA,NA,NA,NA
"L2095368",0,0,NA,NA,NA,NA,NA,NA,NA,NA
"L2095495",0,0,NA,NA,NA,NA,NA,NA,NA,NA
"L2095566",0,NA,NA,NA,NA,NA,NA,NA,NA,NA
"L2095577",0,NA,NA,NA,NA,NA,NA,NA,NA,NA
"L2096024",0,NA,NA,NA,NA,NA,NA,NA,NA,NA
"L2096160",0,NA,NA,NA,NA,NA,NA,NA,NA,NA
"L2096275",0,NA,NA,NA,NA,NA,NA,NA,NA,NA
"L2096291",0,NA,NA,NA,NA,NA,NA,NA,NA,NA
"L2096728",0,NA,NA,NA,NA,NA,NA,NA,NA,NA
"L2097316",0,NA,NA,NA,NA,NA,NA,NA,NA,NA
"L2097504",0,NA,NA,NA,NA,NA,NA,NA,NA,NA
"L2097518",0,NA,NA,NA,NA,NA,NA,NA,NA,NA
"L2098389",0,0,0,0,0,0,0,0,0,0
"L2099296",0,NA,NA,NA,NA,NA,NA,NA,NA,NA
"L2100191",0,0,0,NA,NA,NA,NA,NA,NA,NA
"L2100282",0,0,NA,NA,NA,NA,NA,NA,NA,NA
"L2100361",0,NA,NA,NA,NA,NA,NA,NA,NA,NA
"L2100869",0,NA,NA,NA,NA,NA,NA,NA,NA,NA
"L2101021",0,NA,NA,NA,NA,NA,NA,NA,NA,NA
"L2101205",0,NA,NA,NA,NA,NA,NA,NA,NA,NA
"L2101338",0,NA,NA,NA,NA,NA,NA,NA,NA,NA
"L2101547",0,0,0,NA,NA,NA,NA,NA,NA,NA
"L2101986",0,NA,NA,NA,NA,NA,NA,NA,NA,NA
"L2102071",0,NA,NA,NA,NA,NA,NA,NA,NA,NA
"L2102084",0,NA,NA,NA,NA,NA,NA,NA,NA,NA
"L2102973",0,NA,NA,NA,NA,NA,NA,NA,NA,NA
"L2103150",0,NA,NA,NA,NA,NA,NA,NA,NA,NA
"L2103226",0,NA,NA,NA,NA,NA,NA,NA,NA,NA
"L2103286",0,NA,NA,NA,NA,NA,NA,NA,NA,NA
"L2103392",0,0,NA,NA,NA,NA,NA,NA,NA,NA
"L2103516",0,NA,NA,NA,NA,NA,NA,NA,NA,NA
"L2103844",0,NA,NA,NA,NA,NA,NA,NA,NA,NA
"L2104118",0,NA,NA,NA,NA,NA,NA,NA,NA,NA
"L2104195",0,NA,NA,NA,NA,NA,NA,NA,NA,NA
"L2104560",0,NA,NA,NA,NA,NA,NA,NA,NA,NA
"L2104745",0,NA,NA,NA,NA,NA,NA,NA,NA,NA
"L2105007",0,NA,NA,NA,NA,NA,NA,NA,NA,NA
"L2105196",0,NA,NA,NA,NA,NA,NA,NA,NA,NA
"L2105584",0,0,NA,NA,NA,NA,NA,NA,NA,NA
"L2106169",0,NA,NA,NA,NA,NA,NA,NA,NA,NA
"L2107558",0,0,NA,NA,NA,NA,NA,NA,NA,NA
"L2107872",0,0,0,0,0,NA,NA,NA,NA,NA
"L2107877",0,NA,NA,NA,NA,NA,NA,NA,NA,NA
"L2108167",0,NA,NA,NA,NA,NA,NA,NA,NA,NA
"L2108579",0,NA,NA,NA,NA,NA,NA,NA,NA,NA
"L2109650",0,0,1,0,NA,NA,NA,NA,NA,NA
"L2109920",0,NA,NA,NA,NA,NA,NA,NA,NA,NA
"L2110014",0,NA,NA,NA,NA,NA,NA,NA,NA,NA
"L2110022",0,NA,NA,NA,NA,NA,NA,NA,NA,NA
"L2110298",0,NA,NA,NA,NA,NA,NA,NA,NA,NA
"L2110387",0,NA,NA,NA,NA,NA,NA,NA,NA,NA
"L2110438",0,NA,NA,NA,NA,NA,NA,NA,NA,NA
"L2110442",0,NA,NA,NA,NA,NA,NA,NA,NA,NA
"L2110450",0,NA,NA,NA,NA,NA,NA,NA,NA,NA
"L2110456",0,NA,NA,NA,NA,NA,NA,NA,NA,NA
"L2110514",0,NA,NA,NA,NA,NA,NA,NA,NA,NA
"L2110850",0,0,0,0,0,0,0,0,0,0
"L2111057",0,NA,NA,NA,NA,NA,NA,NA,NA,NA
"L2111113",0,NA,NA,NA,NA,NA,NA,NA,NA,NA
"L2111173",0,0,NA,NA,NA,NA,NA,NA,NA,NA
"L2111200",0,NA,NA,NA,NA,NA,NA,NA,NA,NA
"L2111469",0,NA,NA,NA,NA,NA,NA,NA,NA,NA
"L2111479",0,NA,NA,NA,NA,NA,NA,NA,NA,NA
"L2111555",0,NA,NA,NA,NA,NA,NA,NA,NA,NA
"L2112383",0,NA,NA,NA,NA,NA,NA,NA,NA,NA
"L2112973",0,NA,NA,NA,NA,NA,NA,NA,NA,NA
"L2112994",0,NA,NA,NA,NA,NA,NA,NA,NA,NA
"L2113016",0,NA,NA,NA,NA,NA,NA,NA,NA,NA
"L2113138",0,NA,NA,NA,NA,NA,NA,NA,NA,NA
"L2113465",0,NA,NA,NA,NA,NA,NA,NA,NA,NA
"L2114022",0,NA,NA,NA,NA,NA,NA,NA,NA,NA
"L2114182",0,NA,NA,NA,NA,NA,NA,NA,NA,NA
"L2114342",0,NA,NA,NA,NA,NA,NA,NA,NA,NA
"L2114634",0,NA,NA,NA,NA,NA,NA,NA,NA,NA
"L2114745",0,NA,NA,NA,NA,NA,NA,NA,NA,NA
"L2114853",0,NA,NA,NA,NA,NA,NA,NA,NA,NA
"L2115181",0,NA,NA,NA,NA,NA,NA,NA,NA,NA
"L2115424",0,NA,NA,NA,NA,NA,NA,NA,NA,NA
"L2115586",0,NA,NA,NA,NA,NA,NA,NA,NA,NA
"L2115755",0,0,0,1,NA,NA,NA,NA,NA,NA
"L2116121",0,NA,NA,NA,NA,NA,NA,NA,NA,NA
"L2116258",0,NA,NA,NA,NA,NA,NA,NA,NA,NA
"L2116607",0,1,NA,NA,NA,NA,NA,NA,NA,NA
"L2117476",0,NA,NA,NA,NA,NA,NA,NA,NA,NA
"L2118281",0,NA,NA,NA,NA,NA,NA,NA,NA,NA
"L2118820",0,NA,NA,NA,NA,NA,NA,NA,NA,NA
"L2119399",0,0,NA,NA,NA,NA,NA,NA,NA,NA
"L2119673",0,NA,NA,NA,NA,NA,NA,NA,NA,NA
"L2119936",0,0,0,0,0,0,0,0,0,0
"L2120768",0,NA,NA,NA,NA,NA,NA,NA,NA,NA
"L2120899",0,NA,NA,NA,NA,NA,NA,NA,NA,NA
"L2120918",0,0,0,0,NA,NA,NA,NA,NA,NA
"L2121287",0,NA,NA,NA,NA,NA,NA,NA,NA,NA
"L2122877",0,NA,NA,NA,NA,NA,NA,NA,NA,NA
"L2123345",0,NA,NA,NA,NA,NA,NA,NA,NA,NA
"L2123893",1,1,NA,NA,NA,NA,NA,NA,NA,NA
"L2124103",0,NA,NA,NA,NA,NA,NA,NA,NA,NA
"L2124284",0,NA,NA,NA,NA,NA,NA,NA,NA,NA
"L2124455",0,0,0,0,0,NA,NA,NA,NA,NA
"L2124803",0,0,0,NA,NA,NA,NA,NA,NA,NA
"L2125038",0,NA,NA,NA,NA,NA,NA,NA,NA,NA
"L2125055",0,NA,NA,NA,NA,NA,NA,NA,NA,NA
"L2126088",0,NA,NA,NA,NA,NA,NA,NA,NA,NA
"L2126219",0,NA,NA,NA,NA,NA,NA,NA,NA,NA
"L2126336",0,NA,NA,NA,NA,NA,NA,NA,NA,NA
"L2126817",0,NA,NA,NA,NA,NA,NA,NA,NA,NA
"L2127001",0,NA,NA,NA,NA,NA,NA,NA,NA,NA
"L2127168",0,NA,NA,NA,NA,NA,NA,NA,NA,NA
"L2127875",0,NA,NA,NA,NA,NA,NA,NA,NA,NA
"L2128141",0,NA,NA,NA,NA,NA,NA,NA,NA,NA
"L2128150",0,NA,NA,NA,NA,NA,NA,NA,NA,NA
"L2128194",0,NA,NA,NA,NA,NA,NA,NA,NA,NA
"L2128217",0,NA,NA,NA,NA,NA,NA,NA,NA,NA
"L2128229",0,0,NA,NA,NA,NA,NA,NA,NA,NA
"L2128235",0,NA,NA,NA,NA,NA,NA,NA,NA,NA
"L2128254",0,NA,NA,NA,NA,NA,NA,NA,NA,NA
"L2128576",0,0,0,0,NA,NA,NA,NA,NA,NA
"L2128591",0,NA,NA,NA,NA,NA,NA,NA,NA,NA
"L2128727",0,NA,NA,NA,NA,NA,NA,NA,NA,NA
"L2128744",0,NA,NA,NA,NA,NA,NA,NA,NA,NA
"L2128930",0,NA,NA,NA,NA,NA,NA,NA,NA,NA
"L2128960",0,0,NA,NA,NA,NA,NA,NA,NA,NA
"L2128995",0,NA,NA,NA,NA,NA,NA,NA,NA,NA
"L2129160",0,0,NA,NA,NA,NA,NA,NA,NA,NA
"L2129469",0,0,0,0,0,0,0,0,0,0
"L2129498",0,NA,NA,NA,NA,NA,NA,NA,NA,NA
"L2129694",0,0,0,0,NA,NA,NA,NA,NA,NA
"L2129703",0,NA,NA,NA,NA,NA,NA,NA,NA,NA
"L2130183",0,NA,NA,NA,NA,NA,NA,NA,NA,NA
"L2130262",0,0,0,0,NA,NA,NA,NA,NA,NA
"L2130338",0,NA,NA,NA,NA,NA,NA,NA,NA,NA
"L2130657",0,NA,NA,NA,NA,NA,NA,NA,NA,NA
"L2130883",0,NA,NA,NA,NA,NA,NA,NA,NA,NA
"L2130918",0,0,0,0,0,NA,NA,NA,NA,NA
"L2130939",0,NA,NA,NA,NA,NA,NA,NA,NA,NA
"L2131556",0,0,1,NA,NA,NA,NA,NA,NA,NA
"L2131563",0,NA,NA,NA,NA,NA,NA,NA,NA,NA
"L2131680",0,0,NA,NA,NA,NA,NA,NA,NA,NA
"L2132201",1,NA,NA,NA,NA,NA,NA,NA,NA,NA
"L2132430",0,NA,NA,NA,NA,NA,NA,NA,NA,NA
"L2132455",0,NA,NA,NA,NA,NA,NA,NA,NA,NA
"L2132569",1,NA,NA,NA,NA,NA,NA,NA,NA,NA
"L2132684",0,NA,NA,NA,NA,NA,NA,NA,NA,NA
"L2133195",0,0,1,NA,NA,NA,NA,NA,NA,NA
"L2133284",0,NA,NA,NA,NA,NA,NA,NA,NA,NA
"L2134031",0,NA,NA,NA,NA,NA,NA,NA,NA,NA
"L2134525",0,NA,NA,NA,NA,NA,NA,NA,NA,NA
"L2134595",0,0,0,0,0,0,0,0,0,NA
"L2134793",0,0,0,0,NA,NA,NA,NA,NA,NA
"L2135048",0,NA,NA,NA,NA,NA,NA,NA,NA,NA
"L2135079",0,NA,NA,NA,NA,NA,NA,NA,NA,NA
"L2135123",0,NA,NA,NA,NA,NA,NA,NA,NA,NA
"L2135141",0,NA,NA,NA,NA,NA,NA,NA,NA,NA
"L2136764",0,NA,NA,NA,NA,NA,NA,NA,NA,NA
"L2136977",0,NA,NA,NA,NA,NA,NA,NA,NA,NA
"L2137098",0,NA,NA,NA,NA,NA,NA,NA,NA,NA
"L2137102",0,NA,NA,NA,NA,NA,NA,NA,NA,NA
"L2137126",0,NA,NA,NA,NA,NA,NA,NA,NA,NA
"L2137528",0,NA,NA,NA,NA,NA,NA,NA,NA,NA
"L2137853",0,NA,NA,NA,NA,NA,NA,NA,NA,NA
"L2138040",0,NA,NA,NA,NA,NA,NA,NA,NA,NA
"L2138211",0,NA,NA,NA,NA,NA,NA,NA,NA,NA
"L2138372",0,NA,NA,NA,NA,NA,NA,NA,NA,NA
"L2138942",0,NA,NA,NA,NA,NA,NA,NA,NA,NA
"L2138944",0,NA,NA,NA,NA,NA,NA,NA,NA,NA
"L2138962",0,NA,NA,NA,NA,NA,NA,NA,NA,NA
"L2140018",0,0,NA,NA,NA,NA,NA,NA,NA,NA
"L2140924",0,NA,NA,NA,NA,NA,NA,NA,NA,NA
"L2141049",0,NA,NA,NA,NA,NA,NA,NA,NA,NA
"L2141459",0,0,NA,NA,NA,NA,NA,NA,NA,NA
"L2141594",0,NA,NA,NA,NA,NA,NA,NA,NA,NA
"L2141755",0,NA,NA,NA,NA,NA,NA,NA,NA,NA
"L2141778",0,NA,NA,NA,NA,NA,NA,NA,NA,NA
"L2141794",0,NA,NA,NA,NA,NA,NA,NA,NA,NA
"L2142091",0,NA,NA,NA,NA,NA,NA,NA,NA,NA
"L2142094",0,NA,NA,NA,NA,NA,NA,NA,NA,NA
"L2142848",0,1,1,1,NA,NA,NA,NA,NA,NA
"L2142963",0,NA,NA,NA,NA,NA,NA,NA,NA,NA
"L2143191",0,0,0,NA,NA,NA,NA,NA,NA,NA
"L2143223",0,NA,NA,NA,NA,NA,NA,NA,NA,NA
"L2143230",0,NA,NA,NA,NA,NA,NA,NA,NA,NA
"L2143239",0,0,NA,NA,NA,NA,NA,NA,NA,NA
"L2143296",0,NA,NA,NA,NA,NA,NA,NA,NA,NA
"L2143333",0,NA,NA,NA,NA,NA,NA,NA,NA,NA
"L2143383",0,NA,NA,NA,NA,NA,NA,NA,NA,NA
"L2143423",0,NA,NA,NA,NA,NA,NA,NA,NA,NA
"L2143461",0,NA,NA,NA,NA,NA,NA,NA,NA,NA
"L2143467",0,NA,NA,NA,NA,NA,NA,NA,NA,NA
"L2144186",0,NA,NA,NA,NA,NA,NA,NA,NA,NA
"L2144443",0,NA,NA,NA,NA,NA,NA,NA,NA,NA
"L2144616",0,0,0,0,0,0,NA,NA,NA,NA
"L2144667",0,NA,NA,NA,NA,NA,NA,NA,NA,NA
"L2145075",0,0,NA,NA,NA,NA,NA,NA,NA,NA
"L2145108",0,0,0,0,0,0,0,0,0,NA
"L2145294",0,NA,NA,NA,NA,NA,NA,NA,NA,NA
"L2145993",0,NA,NA,NA,NA,NA,NA,NA,NA,NA
"L2146113",0,NA,NA,NA,NA,NA,NA,NA,NA,NA
"L2146162",0,0,NA,NA,NA,NA,NA,NA,NA,NA
"L2146391",0,NA,NA,NA,NA,NA,NA,NA,NA,NA
"L2146490",0,NA,NA,NA,NA,NA,NA,NA,NA,NA
"L2146779",0,NA,NA,NA,NA,NA,NA,NA,NA,NA
"L2147306",0,NA,NA,NA,NA,NA,NA,NA,NA,NA
"L2147508",0,1,0,0,NA,NA,NA,NA,NA,NA
"L2147917",0,0,0,NA,NA,NA,NA,NA,NA,NA
"L2147989",0,NA,NA,NA,NA,NA,NA,NA,NA,NA
"L2148891",0,NA,NA,NA,NA,NA,NA,NA,NA,NA
"L2149035",0,NA,NA,NA,NA,NA,NA,NA,NA,NA
"L2149043",0,NA,NA,NA,NA,NA,NA,NA,NA,NA
"L2149070",0,0,0,NA,NA,NA,NA,NA,NA,NA
"L2149176",0,NA,NA,NA,NA,NA,NA,NA,NA,NA
"L2149285",0,0,0,0,0,0,0,NA,NA,NA
"L2149410",0,NA,NA,NA,NA,NA,NA,NA,NA,NA
"L2149432",0,NA,NA,NA,NA,NA,NA,NA,NA,NA
"L2149448",0,NA,NA,NA,NA,NA,NA,NA,NA,NA
"L2149620",0,NA,NA,NA,NA,NA,NA,NA,NA,NA
"L2150069",0,NA,NA,NA,NA,NA,NA,NA,NA,NA
"L2150256",0,NA,NA,NA,NA,NA,NA,NA,NA,NA
"L2150263",0,NA,NA,NA,NA,NA,NA,NA,NA,NA
"L2150281",0,NA,NA,NA,NA,NA,NA,NA,NA,NA
"L2150302",0,NA,NA,NA,NA,NA,NA,NA,NA,NA
"L2150752",0,NA,NA,NA,NA,NA,NA,NA,NA,NA
"L2150767",0,NA,NA,NA,NA,NA,NA,NA,NA,NA
"L2150772",0,NA,NA,NA,NA,NA,NA,NA,NA,NA
"L2150782",0,NA,NA,NA,NA,NA,NA,NA,NA,NA
"L2150787",0,NA,NA,NA,NA,NA,NA,NA,NA,NA
"L2150980",0,NA,NA,NA,NA,NA,NA,NA,NA,NA
"L2151026",0,0,0,0,0,0,NA,NA,NA,NA
"L2151233",0,0,NA,NA,NA,NA,NA,NA,NA,NA
"L2151239",0,0,NA,NA,NA,NA,NA,NA,NA,NA
"L2151266",0,NA,NA,NA,NA,NA,NA,NA,NA,NA
"L2151276",0,NA,NA,NA,NA,NA,NA,NA,NA,NA
"L2151779",0,0,0,0,0,0,1,NA,NA,NA
"L2151785",0,0,0,NA,NA,NA,NA,NA,NA,NA
"L2152117",0,NA,NA,NA,NA,NA,NA,NA,NA,NA
"L2152214",0,1,NA,NA,NA,NA,NA,NA,NA,NA
"L2152464",0,NA,NA,NA,NA,NA,NA,NA,NA,NA
"L2152650",0,NA,NA,NA,NA,NA,NA,NA,NA,NA
"L2152767",1,NA,NA,NA,NA,NA,NA,NA,NA,NA
"L2152809",0,NA,NA,NA,NA,NA,NA,NA,NA,NA
"L2152870",0,0,NA,NA,NA,NA,NA,NA,NA,NA
"L2153105",0,NA,NA,NA,NA,NA,NA,NA,NA,NA
"L2153119",0,NA,NA,NA,NA,NA,NA,NA,NA,NA
"L2153129",0,NA,NA,NA,NA,NA,NA,NA,NA,NA
"L2153308",0,0,NA,NA,NA,NA,NA,NA,NA,NA
"L2153393",0,NA,NA,NA,NA,NA,NA,NA,NA,NA
"L2153486",0,NA,NA,NA,NA,NA,NA,NA,NA,NA
"L2153925",0,0,NA,NA,NA,NA,NA,NA,NA,NA
"L2153935",0,0,NA,NA,NA,NA,NA,NA,NA,NA
"L2154483",0,NA,NA,NA,NA,NA,NA,NA,NA,NA
"L2154617",0,NA,NA,NA,NA,NA,NA,NA,NA,NA
"L2154622",0,NA,NA,NA,NA,NA,NA,NA,NA,NA
"L2154694",0,NA,NA,NA,NA,NA,NA,NA,NA,NA
"L2155390",0,NA,NA,NA,NA,NA,NA,NA,NA,NA
"L2156268",0,NA,NA,NA,NA,NA,NA,NA,NA,NA
"L2157089",0,NA,NA,NA,NA,NA,NA,NA,NA,NA
"L2157125",0,0,NA,NA,NA,NA,NA,NA,NA,NA
"L2157137",1,1,NA,NA,NA,NA,NA,NA,NA,NA
"L2157350",0,0,NA,NA,NA,NA,NA,NA,NA,NA
"L2157356",0,NA,NA,NA,NA,NA,NA,NA,NA,NA
"L2157552",0,NA,NA,NA,NA,NA,NA,NA,NA,NA
"L2157591",0,NA,NA,NA,NA,NA,NA,NA,NA,NA
"L2157882",0,0,0,0,0,0,0,0,0,0
"L2157965",0,NA,NA,NA,NA,NA,NA,NA,NA,NA
"L2158558",1,NA,NA,NA,NA,NA,NA,NA,NA,NA
"L2158781",0,NA,NA,NA,NA,NA,NA,NA,NA,NA
"L2158812",0,NA,NA,NA,NA,NA,NA,NA,NA,NA
"L2158908",0,0,0,0,NA,NA,NA,NA,NA,NA
"L2159235",0,0,0,0,NA,NA,NA,NA,NA,NA
"L2159305",0,NA,NA,NA,NA,NA,NA,NA,NA,NA
"L2159792",0,NA,NA,NA,NA,NA,NA,NA,NA,NA
"L2159819",0,0,NA,NA,NA,NA,NA,NA,NA,NA
"L2159909",1,NA,NA,NA,NA,NA,NA,NA,NA,NA
"L2159913",0,NA,NA,NA,NA,NA,NA,NA,NA,NA
"L2159919",0,0,0,NA,NA,NA,NA,NA,NA,NA
"L2160390",0,NA,NA,NA,NA,NA,NA,NA,NA,NA
"L2160394",0,NA,NA,NA,NA,NA,NA,NA,NA,NA
"L2161084",0,NA,NA,NA,NA,NA,NA,NA,NA,NA
"L2161100",0,NA,NA,NA,NA,NA,NA,NA,NA,NA
"L2161124",0,0,NA,NA,NA,NA,NA,NA,NA,NA
"L2161588",0,NA,NA,NA,NA,NA,NA,NA,NA,NA
"L2161728",1,NA,NA,NA,NA,NA,NA,NA,NA,NA
"L2161845",0,NA,NA,NA,NA,NA,NA,NA,NA,NA
"L2162451",1,NA,NA,NA,NA,NA,NA,NA,NA,NA
"L2162466",0,NA,NA,NA,NA,NA,NA,NA,NA,NA
"L2162773",0,NA,NA,NA,NA,NA,NA,NA,NA,NA
"L2162918",0,NA,NA,NA,NA,NA,NA,NA,NA,NA
"L2162953",0,NA,NA,NA,NA,NA,NA,NA,NA,NA
"L2163791",0,NA,NA,NA,NA,NA,NA,NA,NA,NA
"L2163834",1,NA,NA,NA,NA,NA,NA,NA,NA,NA
"L2164312",0,NA,NA,NA,NA,NA,NA,NA,NA,NA
"L2164760",0,NA,NA,NA,NA,NA,NA,NA,NA,NA
"L2164826",0,0,NA,NA,NA,NA,NA,NA,NA,NA
"L2164910",0,NA,NA,NA,NA,NA,NA,NA,NA,NA
"L2164997",0,NA,NA,NA,NA,NA,NA,NA,NA,NA
"L2165040",0,NA,NA,NA,NA,NA,NA,NA,NA,NA
"L2165139",1,NA,NA,NA,NA,NA,NA,NA,NA,NA
"L2166094",0,NA,NA,NA,NA,NA,NA,NA,NA,NA
"L2166493",0,NA,NA,NA,NA,NA,NA,NA,NA,NA
"L2166512",0,NA,NA,NA,NA,NA,NA,NA,NA,NA
"L2166690",0,NA,NA,NA,NA,NA,NA,NA,NA,NA
"L2167159",0,NA,NA,NA,NA,NA,NA,NA,NA,NA
"L2167330",0,0,0,0,NA,NA,NA,NA,NA,NA
"L2167392",0,NA,NA,NA,NA,NA,NA,NA,NA,NA
"L2167954",0,0,0,0,0,0,0,0,0,0
"L2168023",0,NA,NA,NA,NA,NA,NA,NA,NA,NA
"L2168147",0,NA,NA,NA,NA,NA,NA,NA,NA,NA
"L2168363",0,1,NA,NA,NA,NA,NA,NA,NA,NA
"L2168611",1,NA,NA,NA,NA,NA,NA,NA,NA,NA
"L2169066",0,0,NA,NA,NA,NA,NA,NA,NA,NA
"L2169263",0,NA,NA,NA,NA,NA,NA,NA,NA,NA
"L2169378",0,NA,NA,NA,NA,NA,NA,NA,NA,NA
"L2169601",0,NA,NA,NA,NA,NA,NA,NA,NA,NA
"L2169616",1,NA,NA,NA,NA,NA,NA,NA,NA,NA
"L2169622",0,NA,NA,NA,NA,NA,NA,NA,NA,NA
"L2169623",1,NA,NA,NA,NA,NA,NA,NA,NA,NA
"L2170069",1,NA,NA,NA,NA,NA,NA,NA,NA,NA
"L2170113",0,NA,NA,NA,NA,NA,NA,NA,NA,NA
"L2170407",0,NA,NA,NA,NA,NA,NA,NA,NA,NA
"L2170682",0,NA,NA,NA,NA,NA,NA,NA,NA,NA
"L2171016",0,NA,NA,NA,NA,NA,NA,NA,NA,NA
"L2171308",0,NA,NA,NA,NA,NA,NA,NA,NA,NA
"L2171322",0,NA,NA,NA,NA,NA,NA,NA,NA,NA
"L2171429",1,NA,NA,NA,NA,NA,NA,NA,NA,NA
"L2171591",0,0,0,NA,NA,NA,NA,NA,NA,NA
"L2172207",0,NA,NA,NA,NA,NA,NA,NA,NA,NA
"L2172281",0,NA,NA,NA,NA,NA,NA,NA,NA,NA
"L2172410",0,NA,NA,NA,NA,NA,NA,NA,NA,NA
"L2172936",0,0,0,0,0,0,NA,NA,NA,NA
"L2173346",0,1,0,NA,NA,NA,NA,NA,NA,NA
"L2173638",1,NA,NA,NA,NA,NA,NA,NA,NA,NA
"L2174203",0,NA,NA,NA,NA,NA,NA,NA,NA,NA
"L2174319",0,0,NA,NA,NA,NA,NA,NA,NA,NA
"L2175186",0,NA,NA,NA,NA,NA,NA,NA,NA,NA
"L2175493",0,NA,NA,NA,NA,NA,NA,NA,NA,NA
"L2175656",1,1,0,NA,NA,NA,NA,NA,NA,NA
"L2175907",0,NA,NA,NA,NA,NA,NA,NA,NA,NA
"L2175964",0,NA,NA,NA,NA,NA,NA,NA,NA,NA
"L2176029",0,NA,NA,NA,NA,NA,NA,NA,NA,NA
"L2176058",0,0,NA,NA,NA,NA,NA,NA,NA,NA
"L2176071",0,NA,NA,NA,NA,NA,NA,NA,NA,NA
"L2176675",0,0,0,0,0,0,0,0,0,0
"L2176786",0,0,0,0,0,0,0,0,0,0
"L2176913",0,NA,NA,NA,NA,NA,NA,NA,NA,NA
"L2177188",0,NA,NA,NA,NA,NA,NA,NA,NA,NA
"L2177574",0,0,0,NA,NA,NA,NA,NA,NA,NA
"L2178059",1,NA,NA,NA,NA,NA,NA,NA,NA,NA
"L2178171",1,NA,NA,NA,NA,NA,NA,NA,NA,NA
"L2179250",0,0,NA,NA,NA,NA,NA,NA,NA,NA
"L2180086",0,0,0,0,0,0,0,0,0,0
"L2180332",0,NA,NA,NA,NA,NA,NA,NA,NA,NA
"L2180375",0,NA,NA,NA,NA,NA,NA,NA,NA,NA
"L2180540",0,NA,NA,NA,NA,NA,NA,NA,NA,NA
"L2180558",0,NA,NA,NA,NA,NA,NA,NA,NA,NA
"L2181177",0,NA,NA,NA,NA,NA,NA,NA,NA,NA
"L2181625",0,NA,NA,NA,NA,NA,NA,NA,NA,NA
"L2181717",0,NA,NA,NA,NA,NA,NA,NA,NA,NA
"L2182607",0,NA,NA,NA,NA,NA,NA,NA,NA,NA
"L2182619",0,NA,NA,NA,NA,NA,NA,NA,NA,NA
"L2182971",0,NA,NA,NA,NA,NA,NA,NA,NA,NA
"L2183202",0,NA,NA,NA,NA,NA,NA,NA,NA,NA
"L2183293",1,NA,NA,NA,NA,NA,NA,NA,NA,NA
"L2183342",1,NA,NA,NA,NA,NA,NA,NA,NA,NA
"L2183412",0,NA,NA,NA,NA,NA,NA,NA,NA,NA
"L2183553",1,NA,NA,NA,NA,NA,NA,NA,NA,NA
"L2185026",0,NA,NA,NA,NA,NA,NA,NA,NA,NA
"L2185097",1,NA,NA,NA,NA,NA,NA,NA,NA,NA
"L2185169",0,NA,NA,NA,NA,NA,NA,NA,NA,NA
"L2185188",0,0,0,0,0,0,0,NA,NA,NA
"L2185207",1,NA,NA,NA,NA,NA,NA,NA,NA,NA
"L2185305",1,NA,NA,NA,NA,NA,NA,NA,NA,NA
"L2185663",0,NA,NA,NA,NA,NA,NA,NA,NA,NA
"L2185816",0,NA,NA,NA,NA,NA,NA,NA,NA,NA
"L2186964",1,NA,NA,NA,NA,NA,NA,NA,NA,NA
"L2186986",0,NA,NA,NA,NA,NA,NA,NA,NA,NA
"L2187003",0,NA,NA,NA,NA,NA,NA,NA,NA,NA
"L2187014",0,NA,NA,NA,NA,NA,NA,NA,NA,NA
"L2187165",1,0,NA,NA,NA,NA,NA,NA,NA,NA
"L2187488",0,NA,NA,NA,NA,NA,NA,NA,NA,NA
"L2188200",0,NA,NA,NA,NA,NA,NA,NA,NA,NA
"L2188618",0,NA,NA,NA,NA,NA,NA,NA,NA,NA
"L2189062",1,NA,NA,NA,NA,NA,NA,NA,NA,NA
"L2189904",1,NA,NA,NA,NA,NA,NA,NA,NA,NA
"L2189939",0,1,NA,NA,NA,NA,NA,NA,NA,NA
"L2190060",1,NA,NA,NA,NA,NA,NA,NA,NA,NA
"L2190409",1,NA,NA,NA,NA,NA,NA,NA,NA,NA
"L2190549",0,NA,NA,NA,NA,NA,NA,NA,NA,NA
"L2190595",0,0,NA,NA,NA,NA,NA,NA,NA,NA
"L2190930",0,NA,NA,NA,NA,NA,NA,NA,NA,NA
"L2191039",1,NA,NA,NA,NA,NA,NA,NA,NA,NA
"L2191092",0,NA,NA,NA,NA,NA,NA,NA,NA,NA
"L2191588",1,NA,NA,NA,NA,NA,NA,NA,NA,NA
"L2191595",0,NA,NA,NA,NA,NA,NA,NA,NA,NA
"L2192588",0,NA,NA,NA,NA,NA,NA,NA,NA,NA
"L2192657",0,NA,NA,NA,NA,NA,NA,NA,NA,NA
"L2193059",0,NA,NA,NA,NA,NA,NA,NA,NA,NA
"L2193084",0,NA,NA,NA,NA,NA,NA,NA,NA,NA
"L2193090",0,NA,NA,NA,NA,NA,NA,NA,NA,NA
"L2193519",1,NA,NA,NA,NA,NA,NA,NA,NA,NA
"L2193554",0,0,0,NA,NA,NA,NA,NA,NA,NA
"L2194398",1,0,NA,NA,NA,NA,NA,NA,NA,NA
"L2194768",1,NA,NA,NA,NA,NA,NA,NA,NA,NA
"L2194871",0,NA,NA,NA,NA,NA,NA,NA,NA,NA
"L2194919",0,0,0,NA,NA,NA,NA,NA,NA,NA
"L2195048",0,NA,NA,NA,NA,NA,NA,NA,NA,NA
"L2195254",0,NA,NA,NA,NA,NA,NA,NA,NA,NA
"L2195432",0,0,0,1,0,0,0,NA,NA,NA
"L2195645",0,NA,NA,NA,NA,NA,NA,NA,NA,NA
"L2196286",0,NA,NA,NA,NA,NA,NA,NA,NA,NA
"L2196452",0,0,NA,NA,NA,NA,NA,NA,NA,NA
"L2196723",1,NA,NA,NA,NA,NA,NA,NA,NA,NA
"L2196871",1,NA,NA,NA,NA,NA,NA,NA,NA,NA
"L2197183",1,1,1,NA,NA,NA,NA,NA,NA,NA
"L2197197",0,NA,NA,NA,NA,NA,NA,NA,NA,NA
"L219740",0,NA,NA,NA,NA,NA,NA,NA,NA,NA
"L2197628",0,0,NA,NA,NA,NA,NA,NA,NA,NA
"L2197639",0,0,0,0,0,NA,NA,NA,NA,NA
"L2197646",0,0,0,0,0,NA,NA,NA,NA,NA
"L2197647",0,0,0,0,0,NA,NA,NA,NA,NA
"L2197648",0,0,0,0,NA,NA,NA,NA,NA,NA
"L2197651",0,0,0,NA,NA,NA,NA,NA,NA,NA
"L2197653",0,0,0,0,0,0,0,0,0,NA
"L2197654",0,0,NA,NA,NA,NA,NA,NA,NA,NA
"L2197655",0,0,0,0,NA,NA,NA,NA,NA,NA
"L2197657",0,0,0,0,0,NA,NA,NA,NA,NA
"L2197658",0,0,NA,NA,NA,NA,NA,NA,NA,NA
"L2197661",0,NA,NA,NA,NA,NA,NA,NA,NA,NA
"L2197666",0,0,0,NA,NA,NA,NA,NA,NA,NA
"L2197670",0,0,0,0,0,NA,NA,NA,NA,NA
"L2197672",0,0,0,0,0,NA,NA,NA,NA,NA
"L2197675",0,0,0,0,0,NA,NA,NA,NA,NA
"L2197676",0,0,0,NA,NA,NA,NA,NA,NA,NA
"L2197677",0,0,0,0,NA,NA,NA,NA,NA,NA
"L2197679",0,0,0,0,NA,NA,NA,NA,NA,NA
"L2197682",0,0,0,NA,NA,NA,NA,NA,NA,NA
"L2197684",0,0,NA,NA,NA,NA,NA,NA,NA,NA
"L2197685",0,0,0,0,NA,NA,NA,NA,NA,NA
"L2198094",0,0,0,0,NA,NA,NA,NA,NA,NA
"L2198097",0,0,0,0,NA,NA,NA,NA,NA,NA
"L2198104",0,0,0,NA,NA,NA,NA,NA,NA,NA
"L2198107",0,NA,NA,NA,NA,NA,NA,NA,NA,NA
"L2198108",0,0,0,0,NA,NA,NA,NA,NA,NA
"L2198115",0,NA,NA,NA,NA,NA,NA,NA,NA,NA
"L2198116",0,0,0,NA,NA,NA,NA,NA,NA,NA
"L2198118",0,0,0,0,NA,NA,NA,NA,NA,NA
"L2198120",0,0,0,0,NA,NA,NA,NA,NA,NA
"L2198121",0,0,0,0,NA,NA,NA,NA,NA,NA
"L2198122",0,0,0,0,NA,NA,NA,NA,NA,NA
"L2198123",0,0,0,NA,NA,NA,NA,NA,NA,NA
"L2198126",0,0,0,0,NA,NA,NA,NA,NA,NA
"L2198127",0,0,0,NA,NA,NA,NA,NA,NA,NA
"L2198128",0,0,0,0,NA,NA,NA,NA,NA,NA
"L2198130",0,0,0,0,0,0,NA,NA,NA,NA
"L2198149",0,0,NA,NA,NA,NA,NA,NA,NA,NA
"L2198157",0,0,0,0,NA,NA,NA,NA,NA,NA
"L2198181",0,0,0,0,NA,NA,NA,NA,NA,NA
"L2198643",0,NA,NA,NA,NA,NA,NA,NA,NA,NA
"L2198662",0,NA,NA,NA,NA,NA,NA,NA,NA,NA
"L2198673",0,NA,NA,NA,NA,NA,NA,NA,NA,NA
"L2198770",0,NA,NA,NA,NA,NA,NA,NA,NA,NA
"L2199056",0,NA,NA,NA,NA,NA,NA,NA,NA,NA
"L2201274",0,NA,NA,NA,NA,NA,NA,NA,NA,NA
"L2201924",0,NA,NA,NA,NA,NA,NA,NA,NA,NA
"L2201934",1,NA,NA,NA,NA,NA,NA,NA,NA,NA
"L2201978",1,NA,NA,NA,NA,NA,NA,NA,NA,NA
"L2202346",0,NA,NA,NA,NA,NA,NA,NA,NA,NA
"L2203287",1,NA,NA,NA,NA,NA,NA,NA,NA,NA
"L2203850",0,0,0,0,0,0,NA,NA,NA,NA
"L2204304",1,NA,NA,NA,NA,NA,NA,NA,NA,NA
"L2204881",1,NA,NA,NA,NA,NA,NA,NA,NA,NA
"L2205033",0,NA,NA,NA,NA,NA,NA,NA,NA,NA
"L2207028",1,NA,NA,NA,NA,NA,NA,NA,NA,NA
"L2207046",0,NA,NA,NA,NA,NA,NA,NA,NA,NA
"L2207063",0,0,0,0,0,0,0,0,0,1
"L2207642",1,NA,NA,NA,NA,NA,NA,NA,NA,NA
"L2208502",0,NA,NA,NA,NA,NA,NA,NA,NA,NA
"L2208635",0,NA,NA,NA,NA,NA,NA,NA,NA,NA
"L2208895",0,NA,NA,NA,NA,NA,NA,NA,NA,NA
"L2209195",0,NA,NA,NA,NA,NA,NA,NA,NA,NA
"L2209353",0,0,0,0,NA,NA,NA,NA,NA,NA
"L2209835",1,NA,NA,NA,NA,NA,NA,NA,NA,NA
"L2210159",0,0,0,0,1,1,1,1,NA,NA
"L2210198",0,NA,NA,NA,NA,NA,NA,NA,NA,NA
"L2210352",0,NA,NA,NA,NA,NA,NA,NA,NA,NA
"L2210376",1,NA,NA,NA,NA,NA,NA,NA,NA,NA
"L2210900",1,NA,NA,NA,NA,NA,NA,NA,NA,NA
"L2210971",1,NA,NA,NA,NA,NA,NA,NA,NA,NA
"L2211610",0,NA,NA,NA,NA,NA,NA,NA,NA,NA
"L2211622",1,NA,NA,NA,NA,NA,NA,NA,NA,NA
"L2211795",1,NA,NA,NA,NA,NA,NA,NA,NA,NA
"L2212155",0,0,NA,NA,NA,NA,NA,NA,NA,NA
"L2212219",0,0,NA,NA,NA,NA,NA,NA,NA,NA
"L2212235",0,NA,NA,NA,NA,NA,NA,NA,NA,NA
"L2212575",0,0,NA,NA,NA,NA,NA,NA,NA,NA
"L2213053",1,NA,NA,NA,NA,NA,NA,NA,NA,NA
"L2213262",0,NA,NA,NA,NA,NA,NA,NA,NA,NA
"L2213312",1,NA,NA,NA,NA,NA,NA,NA,NA,NA
"L2213869",0,NA,NA,NA,NA,NA,NA,NA,NA,NA
"L2214455",0,NA,NA,NA,NA,NA,NA,NA,NA,NA
"L2214667",1,1,NA,NA,NA,NA,NA,NA,NA,NA
"L2215026",1,NA,NA,NA,NA,NA,NA,NA,NA,NA
"L2215433",0,NA,NA,NA,NA,NA,NA,NA,NA,NA
"L2218463",0,0,0,NA,NA,NA,NA,NA,NA,NA
"L2218965",1,NA,NA,NA,NA,NA,NA,NA,NA,NA
"L2220054",0,NA,NA,NA,NA,NA,NA,NA,NA,NA
"L2220126",0,NA,NA,NA,NA,NA,NA,NA,NA,NA
"L2220207",0,NA,NA,NA,NA,NA,NA,NA,NA,NA
"L2220952",1,NA,NA,NA,NA,NA,NA,NA,NA,NA
"L2221431",0,0,0,0,NA,NA,NA,NA,NA,NA
"L2221480",1,NA,NA,NA,NA,NA,NA,NA,NA,NA
"L2222281",1,NA,NA,NA,NA,NA,NA,NA,NA,NA
"L2222588",0,NA,NA,NA,NA,NA,NA,NA,NA,NA
"L2223543",0,1,1,NA,NA,NA,NA,NA,NA,NA
"L2223654",0,NA,NA,NA,NA,NA,NA,NA,NA,NA
"L2224197",0,NA,NA,NA,NA,NA,NA,NA,NA,NA
"L2224204",0,NA,NA,NA,NA,NA,NA,NA,NA,NA
"L2224206",0,NA,NA,NA,NA,NA,NA,NA,NA,NA
"L2224209",0,NA,NA,NA,NA,NA,NA,NA,NA,NA
"L2224747",1,NA,NA,NA,NA,NA,NA,NA,NA,NA
"L2225960",0,NA,NA,NA,NA,NA,NA,NA,NA,NA
"L2227450",0,0,0,0,0,0,NA,NA,NA,NA
"L2228653",0,NA,NA,NA,NA,NA,NA,NA,NA,NA
"L2228966",1,1,NA,NA,NA,NA,NA,NA,NA,NA
"L2229027",1,NA,NA,NA,NA,NA,NA,NA,NA,NA
"L2229362",0,NA,NA,NA,NA,NA,NA,NA,NA,NA
"L2229526",0,NA,NA,NA,NA,NA,NA,NA,NA,NA
"L2229635",0,1,0,1,1,0,NA,NA,NA,NA
"L2230642",1,NA,NA,NA,NA,NA,NA,NA,NA,NA
"L2231043",0,NA,NA,NA,NA,NA,NA,NA,NA,NA
"L2231279",0,NA,NA,NA,NA,NA,NA,NA,NA,NA
"L2231891",1,NA,NA,NA,NA,NA,NA,NA,NA,NA
"L2232079",1,NA,NA,NA,NA,NA,NA,NA,NA,NA
"L2232789",0,NA,NA,NA,NA,NA,NA,NA,NA,NA
"L2232875",0,NA,NA,NA,NA,NA,NA,NA,NA,NA
"L2233075",0,NA,NA,NA,NA,NA,NA,NA,NA,NA
"L2233573",1,NA,NA,NA,NA,NA,NA,NA,NA,NA
"L2234091",0,NA,NA,NA,NA,NA,NA,NA,NA,NA
"L2234610",0,NA,NA,NA,NA,NA,NA,NA,NA,NA
"L2235172",1,NA,NA,NA,NA,NA,NA,NA,NA,NA
"L2235211",0,0,1,NA,NA,NA,NA,NA,NA,NA
"L2235708",0,NA,NA,NA,NA,NA,NA,NA,NA,NA
"L2235995",1,NA,NA,NA,NA,NA,NA,NA,NA,NA
"L2236770",1,1,NA,NA,NA,NA,NA,NA,NA,NA
"L2237893",0,NA,NA,NA,NA,NA,NA,NA,NA,NA
"L2238116",0,NA,NA,NA,NA,NA,NA,NA,NA,NA
"L2238246",0,NA,NA,NA,NA,NA,NA,NA,NA,NA
"L2238653",0,0,0,0,0,0,1,0,NA,NA
"L2239020",0,0,0,NA,NA,NA,NA,NA,NA,NA
"L2239054",0,NA,NA,NA,NA,NA,NA,NA,NA,NA
"L2239213",1,NA,NA,NA,NA,NA,NA,NA,NA,NA
"L2239948",0,NA,NA,NA,NA,NA,NA,NA,NA,NA
"L2240223",0,NA,NA,NA,NA,NA,NA,NA,NA,NA
"L2240242",1,1,0,0,NA,NA,NA,NA,NA,NA
"L2240937",1,1,0,NA,NA,NA,NA,NA,NA,NA
"L2241341",1,NA,NA,NA,NA,NA,NA,NA,NA,NA
"L2241835",0,NA,NA,NA,NA,NA,NA,NA,NA,NA
"L2242395",0,0,NA,NA,NA,NA,NA,NA,NA,NA
"L2243035",1,NA,NA,NA,NA,NA,NA,NA,NA,NA
"L2243609",0,0,NA,NA,NA,NA,NA,NA,NA,NA
"L2243985",0,NA,NA,NA,NA,NA,NA,NA,NA,NA
"L2244220",0,NA,NA,NA,NA,NA,NA,NA,NA,NA
"L2244291",0,NA,NA,NA,NA,NA,NA,NA,NA,NA
"L2244883",0,NA,NA,NA,NA,NA,NA,NA,NA,NA
"L2245110",0,NA,NA,NA,NA,NA,NA,NA,NA,NA
"L2246247",0,NA,NA,NA,NA,NA,NA,NA,NA,NA
"L2246351",0,0,NA,NA,NA,NA,NA,NA,NA,NA
"L2246520",0,0,0,NA,NA,NA,NA,NA,NA,NA
"L2246660",0,NA,NA,NA,NA,NA,NA,NA,NA,NA
"L2246678",0,0,NA,NA,NA,NA,NA,NA,NA,NA
"L2246840",1,NA,NA,NA,NA,NA,NA,NA,NA,NA
"L2247034",1,NA,NA,NA,NA,NA,NA,NA,NA,NA
"L2247310",0,NA,NA,NA,NA,NA,NA,NA,NA,NA
"L2247746",0,NA,NA,NA,NA,NA,NA,NA,NA,NA
"L2248310",0,NA,NA,NA,NA,NA,NA,NA,NA,NA
"L2248388",0,NA,NA,NA,NA,NA,NA,NA,NA,NA
"L2248975",0,NA,NA,NA,NA,NA,NA,NA,NA,NA
"L2248987",0,NA,NA,NA,NA,NA,NA,NA,NA,NA
"L2249460",0,0,NA,NA,NA,NA,NA,NA,NA,NA
"L2249581",1,NA,NA,NA,NA,NA,NA,NA,NA,NA
"L2249650",0,0,NA,NA,NA,NA,NA,NA,NA,NA
"L2249659",0,NA,NA,NA,NA,NA,NA,NA,NA,NA
"L2249805",0,NA,NA,NA,NA,NA,NA,NA,NA,NA
"L2249935",0,NA,NA,NA,NA,NA,NA,NA,NA,NA
"L2250434",0,NA,NA,NA,NA,NA,NA,NA,NA,NA
"L2250460",0,0,NA,NA,NA,NA,NA,NA,NA,NA
"L2251601",0,NA,NA,NA,NA,NA,NA,NA,NA,NA
"L2251771",0,0,0,0,0,0,0,0,0,0
"L2251852",0,0,NA,NA,NA,NA,NA,NA,NA,NA
"L2251864",0,0,NA,NA,NA,NA,NA,NA,NA,NA
"L2252264",0,0,NA,NA,NA,NA,NA,NA,NA,NA
"L2253124",0,NA,NA,NA,NA,NA,NA,NA,NA,NA
"L2253148",0,NA,NA,NA,NA,NA,NA,NA,NA,NA
"L2253494",0,NA,NA,NA,NA,NA,NA,NA,NA,NA
"L2253628",0,NA,NA,NA,NA,NA,NA,NA,NA,NA
"L2254048",0,NA,NA,NA,NA,NA,NA,NA,NA,NA
"L2254360",0,NA,NA,NA,NA,NA,NA,NA,NA,NA
"L2254396",0,NA,NA,NA,NA,NA,NA,NA,NA,NA
"L2254399",0,NA,NA,NA,NA,NA,NA,NA,NA,NA
"L2254401",0,NA,NA,NA,NA,NA,NA,NA,NA,NA
"L2254786",0,NA,NA,NA,NA,NA,NA,NA,NA,NA
"L2254902",0,NA,NA,NA,NA,NA,NA,NA,NA,NA
"L2254964",0,NA,NA,NA,NA,NA,NA,NA,NA,NA
"L2255038",0,NA,NA,NA,NA,NA,NA,NA,NA,NA
"L2255076",0,NA,NA,NA,NA,NA,NA,NA,NA,NA
"L2255161",0,NA,NA,NA,NA,NA,NA,NA,NA,NA
"L2255268",0,NA,NA,NA,NA,NA,NA,NA,NA,NA
"L2255980",0,NA,NA,NA,NA,NA,NA,NA,NA,NA
"L2256268",0,NA,NA,NA,NA,NA,NA,NA,NA,NA
"L2256531",0,NA,NA,NA,NA,NA,NA,NA,NA,NA
"L2256544",1,NA,NA,NA,NA,NA,NA,NA,NA,NA
"L2256839",1,NA,NA,NA,NA,NA,NA,NA,NA,NA
"L2257062",0,NA,NA,NA,NA,NA,NA,NA,NA,NA
"L2257237",1,NA,NA,NA,NA,NA,NA,NA,NA,NA
"L2257943",0,NA,NA,NA,NA,NA,NA,NA,NA,NA
"L2257947",1,NA,NA,NA,NA,NA,NA,NA,NA,NA
"L2258706",0,NA,NA,NA,NA,NA,NA,NA,NA,NA
"L2259279",1,1,1,NA,NA,NA,NA,NA,NA,NA
"L2259293",1,1,1,NA,NA,NA,NA,NA,NA,NA
"L2259342",1,0,NA,NA,NA,NA,NA,NA,NA,NA
"L2259347",0,0,0,NA,NA,NA,NA,NA,NA,NA
"L2259348",1,0,NA,NA,NA,NA,NA,NA,NA,NA
"L2259351",0,0,0,1,1,1,NA,NA,NA,NA
"L2259359",0,0,0,NA,NA,NA,NA,NA,NA,NA
"L2259361",0,0,0,NA,NA,NA,NA,NA,NA,NA
"L2259366",0,1,1,NA,NA,NA,NA,NA,NA,NA
"L2260041",0,NA,NA,NA,NA,NA,NA,NA,NA,NA
"L2260043",0,NA,NA,NA,NA,NA,NA,NA,NA,NA
"L2260047",1,NA,NA,NA,NA,NA,NA,NA,NA,NA
"L2260049",0,NA,NA,NA,NA,NA,NA,NA,NA,NA
"L2260050",0,NA,NA,NA,NA,NA,NA,NA,NA,NA
"L2260179",0,NA,NA,NA,NA,NA,NA,NA,NA,NA
"L2261119",0,NA,NA,NA,NA,NA,NA,NA,NA,NA
"L2270715",1,NA,NA,NA,NA,NA,NA,NA,NA,NA
"L2270856",1,NA,NA,NA,NA,NA,NA,NA,NA,NA
"L2281640",0,0,0,0,NA,NA,NA,NA,NA,NA
"L2284023",0,NA,NA,NA,NA,NA,NA,NA,NA,NA
"L229389",0,0,0,0,0,0,0,0,0,0
"L2296835",0,NA,NA,NA,NA,NA,NA,NA,NA,NA
"L2308917",0,NA,NA,NA,NA,NA,NA,NA,NA,NA
"L2313258",0,0,0,NA,NA,NA,NA,NA,NA,NA
"L2313262",0,NA,NA,NA,NA,NA,NA,NA,NA,NA
"L2313267",0,0,0,0,0,NA,NA,NA,NA,NA
"L2314092",0,NA,NA,NA,NA,NA,NA,NA,NA,NA
"L2317912",0,NA,NA,NA,NA,NA,NA,NA,NA,NA
"L233055",0,0,0,NA,NA,NA,NA,NA,NA,NA
"L2335742",0,NA,NA,NA,NA,NA,NA,NA,NA,NA
"L233715",0,0,NA,NA,NA,NA,NA,NA,NA,NA
"L233763",0,NA,NA,NA,NA,NA,NA,NA,NA,NA
"L235198",0,0,0,NA,NA,NA,NA,NA,NA,NA
"L235423",0,0,0,0,0,0,0,0,0,0
"L2361316",0,0,NA,NA,NA,NA,NA,NA,NA,NA
"L2365468",1,NA,NA,NA,NA,NA,NA,NA,NA,NA
"L2376932",0,NA,NA,NA,NA,NA,NA,NA,NA,NA
"L2381636",1,NA,NA,NA,NA,NA,NA,NA,NA,NA
"L2385933",0,NA,NA,NA,NA,NA,NA,NA,NA,NA
"L2385948",0,NA,NA,NA,NA,NA,NA,NA,NA,NA
"L2385950",1,NA,NA,NA,NA,NA,NA,NA,NA,NA
"L2385952",1,NA,NA,NA,NA,NA,NA,NA,NA,NA
"L2385960",0,NA,NA,NA,NA,NA,NA,NA,NA,NA
"L2385977",1,NA,NA,NA,NA,NA,NA,NA,NA,NA
"L2385978",0,NA,NA,NA,NA,NA,NA,NA,NA,NA
"L2385979",0,NA,NA,NA,NA,NA,NA,NA,NA,NA
"L2385980",0,NA,NA,NA,NA,NA,NA,NA,NA,NA
"L2409714",0,NA,NA,NA,NA,NA,NA,NA,NA,NA
"L2414243",0,0,NA,NA,NA,NA,NA,NA,NA,NA
"L2417979",0,NA,NA,NA,NA,NA,NA,NA,NA,NA
"L2423212",0,NA,NA,NA,NA,NA,NA,NA,NA,NA
"L2423216",0,0,0,0,0,NA,NA,NA,NA,NA
"L2433242",0,0,0,0,0,0,0,0,1,1
"L2456285",0,NA,NA,NA,NA,NA,NA,NA,NA,NA
"L2456286",0,NA,NA,NA,NA,NA,NA,NA,NA,NA
"L2460674",0,0,0,0,0,0,0,0,0,0
"L246793",0,0,NA,NA,NA,NA,NA,NA,NA,NA
"L2468566",0,0,0,NA,NA,NA,NA,NA,NA,NA
"L247053",0,0,0,0,0,0,0,1,NA,NA
"L2488014",0,NA,NA,NA,NA,NA,NA,NA,NA,NA
"L2488380",0,0,0,0,NA,NA,NA,NA,NA,NA
"L249686",1,1,NA,NA,NA,NA,NA,NA,NA,NA
"L249781",0,0,0,0,0,0,0,NA,NA,NA
"L250091",0,0,0,0,0,0,0,NA,NA,NA
"L2504871",0,0,0,NA,NA,NA,NA,NA,NA,NA
"L2518160",0,NA,NA,NA,NA,NA,NA,NA,NA,NA
"L2518213",1,NA,NA,NA,NA,NA,NA,NA,NA,NA
"L2518218",0,NA,NA,NA,NA,NA,NA,NA,NA,NA
"L252514",0,0,NA,NA,NA,NA,NA,NA,NA,NA
"L252669",0,0,0,NA,NA,NA,NA,NA,NA,NA
"L2530860",0,NA,NA,NA,NA,NA,NA,NA,NA,NA
"L257953",0,NA,NA,NA,NA,NA,NA,NA,NA,NA
"L257994",0,NA,NA,NA,NA,NA,NA,NA,NA,NA
"L258746",0,0,0,0,0,0,NA,NA,NA,NA
"L2612798",0,NA,NA,NA,NA,NA,NA,NA,NA,NA
"L2643327",0,NA,NA,NA,NA,NA,NA,NA,NA,NA
"L264655",0,0,0,0,0,0,0,0,0,0
"L265438",0,0,0,0,0,0,0,0,1,0
"L266759",0,NA,NA,NA,NA,NA,NA,NA,NA,NA
"L267071",0,NA,NA,NA,NA,NA,NA,NA,NA,NA
"L267072",0,0,NA,NA,NA,NA,NA,NA,NA,NA
"L267117",0,NA,NA,NA,NA,NA,NA,NA,NA,NA
"L267463",0,1,NA,NA,NA,NA,NA,NA,NA,NA
"L2675045",0,NA,NA,NA,NA,NA,NA,NA,NA,NA
"L2686763",0,NA,NA,NA,NA,NA,NA,NA,NA,NA
"L269246",0,1,1,NA,NA,NA,NA,NA,NA,NA
"L269462",0,NA,NA,NA,NA,NA,NA,NA,NA,NA
"L269904",0,0,0,0,0,NA,NA,NA,NA,NA
"L2704156",0,NA,NA,NA,NA,NA,NA,NA,NA,NA
"L2709935",0,0,NA,NA,NA,NA,NA,NA,NA,NA
"L271364",0,NA,NA,NA,NA,NA,NA,NA,NA,NA
"L271849",0,0,0,0,0,0,1,0,NA,NA
"L272612",0,0,0,0,0,0,0,0,0,0
"L273245",1,NA,NA,NA,NA,NA,NA,NA,NA,NA
"L276317",0,0,0,NA,NA,NA,NA,NA,NA,NA
"L276938",0,NA,NA,NA,NA,NA,NA,NA,NA,NA
"L279044",0,0,0,0,0,0,0,0,1,1
"L279597",0,0,0,0,0,0,0,0,1,1
"L279821",0,NA,NA,NA,NA,NA,NA,NA,NA,NA
"L280267",0,0,NA,NA,NA,NA,NA,NA,NA,NA
"L280461",0,0,0,NA,NA,NA,NA,NA,NA,NA
"L282081",0,0,0,0,0,NA,NA,NA,NA,NA
"L282437",0,0,NA,NA,NA,NA,NA,NA,NA,NA
"L283222",0,NA,NA,NA,NA,NA,NA,NA,NA,NA
"L283821",0,NA,NA,NA,NA,NA,NA,NA,NA,NA
"L286935",0,NA,NA,NA,NA,NA,NA,NA,NA,NA
"L286981",0,0,1,0,NA,NA,NA,NA,NA,NA
"L290582",0,0,0,0,0,0,0,0,0,0
"L290591",0,0,NA,NA,NA,NA,NA,NA,NA,NA
"L290598",0,0,0,0,0,0,0,0,NA,NA
"L292321",0,NA,NA,NA,NA,NA,NA,NA,NA,NA
"L292851",0,0,0,0,NA,NA,NA,NA,NA,NA
"L294441",0,0,0,0,0,0,0,0,1,NA
"L294563",0,0,0,0,1,0,0,0,NA,NA
"L295834",0,0,0,NA,NA,NA,NA,NA,NA,NA
"L296606",0,0,0,0,0,NA,NA,NA,NA,NA
"L297383",0,NA,NA,NA,NA,NA,NA,NA,NA,NA
"L297741",0,0,NA,NA,NA,NA,NA,NA,NA,NA
"L298030",0,0,0,0,1,NA,NA,NA,NA,NA
"L302585",0,0,0,1,NA,NA,NA,NA,NA,NA
"L302743",0,0,0,0,0,NA,NA,NA,NA,NA
"L302967",0,NA,NA,NA,NA,NA,NA,NA,NA,NA
"L304860",0,0,0,1,1,NA,NA,NA,NA,NA
"L305262",0,0,0,0,0,0,0,0,0,0
"L306912",0,0,0,NA,NA,NA,NA,NA,NA,NA
"L311852",0,0,0,0,0,0,0,0,1,NA
"L311854",0,0,0,0,0,0,0,0,0,0
"L318691",0,0,0,0,0,0,0,0,0,0
"L321279",0,0,0,0,0,0,0,NA,NA,NA
"L324035",0,0,NA,NA,NA,NA,NA,NA,NA,NA
"L324835",0,0,NA,NA,NA,NA,NA,NA,NA,NA
"L330866",0,0,0,0,0,0,0,NA,NA,NA
"L331426",0,0,0,NA,NA,NA,NA,NA,NA,NA
"L335084",0,0,NA,NA,NA,NA,NA,NA,NA,NA
"L337914",0,0,0,0,NA,NA,NA,NA,NA,NA
"L338644",0,0,0,0,0,NA,NA,NA,NA,NA
"L338646",0,NA,NA,NA,NA,NA,NA,NA,NA,NA
"L338647",0,0,0,NA,NA,NA,NA,NA,NA,NA
"L338648",0,0,0,0,0,NA,NA,NA,NA,NA
"L338650",0,NA,NA,NA,NA,NA,NA,NA,NA,NA
"L342843",0,NA,NA,NA,NA,NA,NA,NA,NA,NA
"L343338",0,0,0,0,0,0,0,0,0,0
"L344046",0,0,NA,NA,NA,NA,NA,NA,NA,NA
"L344049",0,NA,NA,NA,NA,NA,NA,NA,NA,NA
"L344579",0,NA,NA,NA,NA,NA,NA,NA,NA,NA
"L345539",0,0,0,NA,NA,NA,NA,NA,NA,NA
"L348389",0,NA,NA,NA,NA,NA,NA,NA,NA,NA
"L348441",0,0,0,0,0,0,0,0,0,0
"L348576",0,0,0,0,0,0,0,NA,NA,NA
"L348579",0,0,NA,NA,NA,NA,NA,NA,NA,NA
"L349385",0,NA,NA,NA,NA,NA,NA,NA,NA,NA
"L349592",0,NA,NA,NA,NA,NA,NA,NA,NA,NA
"L349634",0,0,NA,NA,NA,NA,NA,NA,NA,NA
"L350050",0,NA,NA,NA,NA,NA,NA,NA,NA,NA
"L350229",0,NA,NA,NA,NA,NA,NA,NA,NA,NA
"L350236",0,1,1,NA,NA,NA,NA,NA,NA,NA
"L351484",0,0,0,0,0,0,0,0,0,0
"L351638",0,0,0,0,NA,NA,NA,NA,NA,NA
"L351640",0,0,0,0,0,0,NA,NA,NA,NA
"L351647",0,0,0,0,1,1,NA,NA,NA,NA
"L351648",0,0,0,0,0,NA,NA,NA,NA,NA
"L351841",0,NA,NA,NA,NA,NA,NA,NA,NA,NA
"L351849",0,0,0,0,0,0,0,0,0,0
"L352323",0,0,0,0,0,0,0,1,NA,NA
"L352936",0,0,1,NA,NA,NA,NA,NA,NA,NA
"L357531",0,0,0,0,0,0,0,0,0,0
"L358287",1,0,1,NA,NA,NA,NA,NA,NA,NA
"L359316",0,NA,NA,NA,NA,NA,NA,NA,NA,NA
"L360359",0,NA,NA,NA,NA,NA,NA,NA,NA,NA
"L360360",0,NA,NA,NA,NA,NA,NA,NA,NA,NA
"L361874",0,0,0,0,0,0,0,0,0,0
"L365670",0,0,0,0,0,0,0,0,1,NA
"L365943",0,NA,NA,NA,NA,NA,NA,NA,NA,NA
"L366697",0,0,NA,NA,NA,NA,NA,NA,NA,NA
"L367562",0,NA,NA,NA,NA,NA,NA,NA,NA,NA
"L367688",0,NA,NA,NA,NA,NA,NA,NA,NA,NA
"L368405",0,0,0,0,NA,NA,NA,NA,NA,NA
"L368529",0,0,0,0,NA,NA,NA,NA,NA,NA
"L371363",0,NA,NA,NA,NA,NA,NA,NA,NA,NA
"L375596",0,0,0,0,0,NA,NA,NA,NA,NA
"L377966",0,NA,NA,NA,NA,NA,NA,NA,NA,NA
"L379075",0,0,0,0,0,0,NA,NA,NA,NA
"L379081",0,0,0,0,0,0,0,0,0,0
"L384040",1,NA,NA,NA,NA,NA,NA,NA,NA,NA
"L384242",0,0,NA,NA,NA,NA,NA,NA,NA,NA
"L384247",0,NA,NA,NA,NA,NA,NA,NA,NA,NA
"L384248",0,0,NA,NA,NA,NA,NA,NA,NA,NA
"L384640",0,0,0,0,0,0,0,0,0,0
"L387534",0,0,0,0,1,1,0,1,NA,NA
"L388984",0,NA,NA,NA,NA,NA,NA,NA,NA,NA
"L389066",0,1,NA,NA,NA,NA,NA,NA,NA,NA
"L390083",0,0,NA,NA,NA,NA,NA,NA,NA,NA
"L390820",1,NA,NA,NA,NA,NA,NA,NA,NA,NA
"L390956",0,NA,NA,NA,NA,NA,NA,NA,NA,NA
"L391733",0,0,NA,NA,NA,NA,NA,NA,NA,NA
"L392640",0,0,NA,NA,NA,NA,NA,NA,NA,NA
"L433644",0,0,0,0,0,0,0,0,0,0
"L433667",0,0,0,0,1,1,1,1,1,1
"L443704",0,0,0,0,0,NA,NA,NA,NA,NA
"L444065",0,0,0,0,0,0,0,0,0,0
"L445356",0,NA,NA,NA,NA,NA,NA,NA,NA,NA
"L446797",0,0,1,0,NA,NA,NA,NA,NA,NA
"L447381",0,0,0,0,0,0,0,0,0,0
"L449511",0,0,0,0,0,0,0,0,0,0
"L450305",0,NA,NA,NA,NA,NA,NA,NA,NA,NA
"L453133",0,0,NA,NA,NA,NA,NA,NA,NA,NA
"L453493",1,NA,NA,NA,NA,NA,NA,NA,NA,NA
"L453979",0,NA,NA,NA,NA,NA,NA,NA,NA,NA
"L457092",0,0,0,1,1,NA,NA,NA,NA,NA
"L458025",0,NA,NA,NA,NA,NA,NA,NA,NA,NA
"L459041",0,NA,NA,NA,NA,NA,NA,NA,NA,NA
"L460921",0,NA,NA,NA,NA,NA,NA,NA,NA,NA
"L461493",0,0,1,0,0,0,NA,NA,NA,NA
"L462542",0,0,0,0,0,0,0,NA,NA,NA
"L463794",0,0,0,0,0,0,0,0,0,0
"L464767",0,0,0,0,0,0,0,NA,NA,NA
"L468561",0,NA,NA,NA,NA,NA,NA,NA,NA,NA
"L469539",0,0,0,NA,NA,NA,NA,NA,NA,NA
"L470545",0,1,0,NA,NA,NA,NA,NA,NA,NA
"L472193",0,0,0,NA,NA,NA,NA,NA,NA,NA
"L472642",0,0,0,0,0,0,0,NA,NA,NA
"L473083",0,0,0,0,0,0,0,0,0,0
"L473811",0,0,0,0,0,0,0,1,0,NA
"L475420",0,0,NA,NA,NA,NA,NA,NA,NA,NA
"L478244",0,0,0,0,0,0,0,0,NA,NA
"L478971",0,0,0,0,0,NA,NA,NA,NA,NA
"L480306",0,NA,NA,NA,NA,NA,NA,NA,NA,NA
"L480335",0,0,0,NA,NA,NA,NA,NA,NA,NA
"L481595",0,NA,NA,NA,NA,NA,NA,NA,NA,NA
"L481597",0,NA,NA,NA,NA,NA,NA,NA,NA,NA
"L482299",0,0,0,0,0,0,0,0,0,0
"L487464",0,0,0,0,NA,NA,NA,NA,NA,NA
"L487780",0,0,NA,NA,NA,NA,NA,NA,NA,NA
"L489929",0,0,0,0,0,NA,NA,NA,NA,NA
"L492311",0,0,NA,NA,NA,NA,NA,NA,NA,NA
"L492504",0,NA,NA,NA,NA,NA,NA,NA,NA,NA
"L493054",0,NA,NA,NA,NA,NA,NA,NA,NA,NA
"L496902",0,NA,NA,NA,NA,NA,NA,NA,NA,NA
"L498314",0,0,0,0,0,0,1,NA,NA,NA
"L501928",0,1,NA,NA,NA,NA,NA,NA,NA,NA
"L501969",0,NA,NA,NA,NA,NA,NA,NA,NA,NA
"L506407",0,NA,NA,NA,NA,NA,NA,NA,NA,NA
"L509257",0,0,1,NA,NA,NA,NA,NA,NA,NA
"L509262",0,0,0,0,0,0,NA,NA,NA,NA
"L510574",0,NA,NA,NA,NA,NA,NA,NA,NA,NA
"L514231",0,0,0,0,0,0,0,0,0,0
"L517778",0,0,NA,NA,NA,NA,NA,NA,NA,NA
"L518181",0,0,NA,NA,NA,NA,NA,NA,NA,NA
"L518526",0,NA,NA,NA,NA,NA,NA,NA,NA,NA
"L520653",0,NA,NA,NA,NA,NA,NA,NA,NA,NA
"L520659",0,0,0,0,0,0,1,1,1,0
"L522791",0,0,1,1,NA,NA,NA,NA,NA,NA
"L525645",0,0,0,0,0,0,0,0,0,0
"L525666",0,NA,NA,NA,NA,NA,NA,NA,NA,NA
"L526857",0,NA,NA,NA,NA,NA,NA,NA,NA,NA
"L526876",0,NA,NA,NA,NA,NA,NA,NA,NA,NA
"L526943",0,0,0,0,0,0,1,NA,NA,NA
"L527014",1,NA,NA,NA,NA,NA,NA,NA,NA,NA
"L548197",0,NA,NA,NA,NA,NA,NA,NA,NA,NA
"L551440",1,1,0,NA,NA,NA,NA,NA,NA,NA
"L553866",0,0,NA,NA,NA,NA,NA,NA,NA,NA
"L571490",0,0,0,0,0,0,NA,NA,NA,NA
"L571851",0,0,0,0,0,0,0,0,1,1
"L577442",0,0,NA,NA,NA,NA,NA,NA,NA,NA
"L578884",0,0,0,0,0,0,0,0,0,0
"L580373",0,0,0,0,0,0,0,0,0,0
"L588041",0,0,NA,NA,NA,NA,NA,NA,NA,NA
"L592967",0,0,NA,NA,NA,NA,NA,NA,NA,NA
"L595919",0,0,1,NA,NA,NA,NA,NA,NA,NA
"L601513",0,0,0,0,NA,NA,NA,NA,NA,NA
"L603644",0,0,NA,NA,NA,NA,NA,NA,NA,NA
"L608334",0,0,NA,NA,NA,NA,NA,NA,NA,NA
"L614312",0,NA,NA,NA,NA,NA,NA,NA,NA,NA
"L619413",0,0,NA,NA,NA,NA,NA,NA,NA,NA
"L619415",0,NA,NA,NA,NA,NA,NA,NA,NA,NA
"L629408",0,0,NA,NA,NA,NA,NA,NA,NA,NA
"L630700",0,NA,NA,NA,NA,NA,NA,NA,NA,NA
"L633025",0,0,0,0,0,0,0,0,0,0
"L634180",0,0,0,NA,NA,NA,NA,NA,NA,NA
"L634615",0,0,0,NA,NA,NA,NA,NA,NA,NA
"L635283",0,NA,NA,NA,NA,NA,NA,NA,NA,NA
"L635420",0,NA,NA,NA,NA,NA,NA,NA,NA,NA
"L637085",0,0,NA,NA,NA,NA,NA,NA,NA,NA
"L637731",0,NA,NA,NA,NA,NA,NA,NA,NA,NA
"L650167",0,0,0,0,0,0,0,0,NA,NA
"L650631",1,NA,NA,NA,NA,NA,NA,NA,NA,NA
"L654767",0,0,0,0,0,NA,NA,NA,NA,NA
"L659505",0,NA,NA,NA,NA,NA,NA,NA,NA,NA
"L660337",0,NA,NA,NA,NA,NA,NA,NA,NA,NA
"L666775",0,0,NA,NA,NA,NA,NA,NA,NA,NA
"L666891",0,1,0,0,0,0,NA,NA,NA,NA
"L675339",0,NA,NA,NA,NA,NA,NA,NA,NA,NA
"L677723",1,NA,NA,NA,NA,NA,NA,NA,NA,NA
"L678273",0,0,0,0,0,0,0,0,0,0
"L680889",0,0,0,0,0,0,0,NA,NA,NA
"L682598",0,0,1,1,1,1,NA,NA,NA,NA
"L682658",0,NA,NA,NA,NA,NA,NA,NA,NA,NA
"L684397",0,0,0,NA,NA,NA,NA,NA,NA,NA
"L684405",0,NA,NA,NA,NA,NA,NA,NA,NA,NA
"L685531",0,0,0,NA,NA,NA,NA,NA,NA,NA
"L689562",0,0,0,0,0,0,0,NA,NA,NA
"L693057",0,0,0,0,0,0,0,0,0,0
"L693405",0,NA,NA,NA,NA,NA,NA,NA,NA,NA
"L694445",0,0,NA,NA,NA,NA,NA,NA,NA,NA
"L698441",0,0,1,NA,NA,NA,NA,NA,NA,NA
"L710971",0,0,NA,NA,NA,NA,NA,NA,NA,NA
"L710974",0,0,1,NA,NA,NA,NA,NA,NA,NA
"L712035",0,1,0,1,1,1,1,1,0,NA
"L712037",0,0,NA,NA,NA,NA,NA,NA,NA,NA
"L712038",0,0,NA,NA,NA,NA,NA,NA,NA,NA
"L714175",0,0,0,0,0,0,0,0,0,0
"L717585",0,NA,NA,NA,NA,NA,NA,NA,NA,NA
"L723449",0,0,0,0,0,0,0,0,0,0
"L724555",0,0,1,NA,NA,NA,NA,NA,NA,NA
"L724947",0,0,0,1,NA,NA,NA,NA,NA,NA
"L726782",0,0,NA,NA,NA,NA,NA,NA,NA,NA
"L727975",0,1,0,0,1,NA,NA,NA,NA,NA
"L728130",0,0,0,0,0,0,1,1,1,1
"L730493",0,0,NA,NA,NA,NA,NA,NA,NA,NA
"L731228",0,0,0,0,1,1,NA,NA,NA,NA
"L732276",0,0,0,0,0,1,1,1,NA,NA
"L733601",0,1,NA,NA,NA,NA,NA,NA,NA,NA
"L735303",0,NA,NA,NA,NA,NA,NA,NA,NA,NA
"L759546",0,NA,NA,NA,NA,NA,NA,NA,NA,NA
"L764093",0,NA,NA,NA,NA,NA,NA,NA,NA,NA
"L766033",0,0,NA,NA,NA,NA,NA,NA,NA,NA
"L766034",0,0,0,1,NA,NA,NA,NA,NA,NA
"L769552",0,0,0,0,0,0,0,0,0,0
"L769884",0,0,0,0,0,0,0,0,0,0
"L772396",0,NA,NA,NA,NA,NA,NA,NA,NA,NA
"L776824",0,0,0,NA,NA,NA,NA,NA,NA,NA
"L776825",0,NA,NA,NA,NA,NA,NA,NA,NA,NA
"L777678",0,0,0,0,NA,NA,NA,NA,NA,NA
"L777752",1,1,NA,NA,NA,NA,NA,NA,NA,NA
"L777770",0,0,0,0,0,0,0,0,0,0
"L780600",0,NA,NA,NA,NA,NA,NA,NA,NA,NA
"L781860",0,NA,NA,NA,NA,NA,NA,NA,NA,NA
"L782250",0,0,0,0,1,0,0,0,0,0
"L783527",0,0,NA,NA,NA,NA,NA,NA,NA,NA
"L784129",0,0,0,0,0,1,1,1,NA,NA
"L786020",0,0,0,0,0,0,0,0,0,0
"L787141",0,1,NA,NA,NA,NA,NA,NA,NA,NA
"L789416",0,NA,NA,NA,NA,NA,NA,NA,NA,NA
"L789492",0,NA,NA,NA,NA,NA,NA,NA,NA,NA
"L790218",0,NA,NA,NA,NA,NA,NA,NA,NA,NA
"L791605",0,0,NA,NA,NA,NA,NA,NA,NA,NA
"L792565",0,0,0,0,0,0,0,0,NA,NA
"L794759",0,0,0,0,NA,NA,NA,NA,NA,NA
"L795591",0,0,0,0,0,0,NA,NA,NA,NA
"L796390",0,NA,NA,NA,NA,NA,NA,NA,NA,NA
"L796434",0,0,0,0,0,0,0,0,0,0
"L797570",0,0,0,0,0,0,0,0,0,0
"L798033",0,0,0,0,0,0,0,0,0,0
"L799070",0,0,0,0,NA,NA,NA,NA,NA,NA
"L799101",0,NA,NA,NA,NA,NA,NA,NA,NA,NA
"L799190",0,0,1,1,NA,NA,NA,NA,NA,NA
"L799605",0,NA,NA,NA,NA,NA,NA,NA,NA,NA
"L799910",0,NA,NA,NA,NA,NA,NA,NA,NA,NA
"L800184",0,0,0,0,0,0,0,NA,NA,NA
"L801398",0,0,NA,NA,NA,NA,NA,NA,NA,NA
"L802523",0,0,NA,NA,NA,NA,NA,NA,NA,NA
"L807500",0,0,0,0,0,0,0,0,0,0
"L808325",0,NA,NA,NA,NA,NA,NA,NA,NA,NA
"L808804",0,0,0,NA,NA,NA,NA,NA,NA,NA
"L808831",0,0,0,0,0,0,0,0,0,0
"L809075",0,NA,NA,NA,NA,NA,NA,NA,NA,NA
"L811680",0,NA,NA,NA,NA,NA,NA,NA,NA,NA
"L813395",0,0,0,0,NA,NA,NA,NA,NA,NA
"L813863",0,0,0,0,0,0,0,0,1,1
"L813905",0,NA,NA,NA,NA,NA,NA,NA,NA,NA
"L815296",0,0,0,0,1,0,0,0,NA,NA
"L815474",0,0,NA,NA,NA,NA,NA,NA,NA,NA
"L816594",0,NA,NA,NA,NA,NA,NA,NA,NA,NA
"L817069",0,NA,NA,NA,NA,NA,NA,NA,NA,NA
"L817073",0,NA,NA,NA,NA,NA,NA,NA,NA,NA
"L817333",0,NA,NA,NA,NA,NA,NA,NA,NA,NA
"L817992",0,NA,NA,NA,NA,NA,NA,NA,NA,NA
"L818509",0,0,NA,NA,NA,NA,NA,NA,NA,NA
"L819713",0,NA,NA,NA,NA,NA,NA,NA,NA,NA
"L821994",0,NA,NA,NA,NA,NA,NA,NA,NA,NA
"L824289",0,NA,NA,NA,NA,NA,NA,NA,NA,NA
"L828257",0,0,0,0,1,1,0,1,0,1
"L828590",0,0,0,0,0,0,NA,NA,NA,NA
"L829013",0,NA,NA,NA,NA,NA,NA,NA,NA,NA
"L829553",0,0,0,0,0,0,0,0,0,0
"L829561",0,0,NA,NA,NA,NA,NA,NA,NA,NA
"L831968",0,0,0,0,0,NA,NA,NA,NA,NA
"L831977",0,0,0,0,0,0,0,NA,NA,NA
"L832077",0,0,NA,NA,NA,NA,NA,NA,NA,NA
"L832166",0,NA,NA,NA,NA,NA,NA,NA,NA,NA
"L833827",0,0,0,0,0,0,NA,NA,NA,NA
"L835042",0,NA,NA,NA,NA,NA,NA,NA,NA,NA
"L836000",0,0,1,1,0,1,0,0,0,0
"L836964",0,0,NA,NA,NA,NA,NA,NA,NA,NA
"L838235",0,NA,NA,NA,NA,NA,NA,NA,NA,NA
"L838940",1,NA,NA,NA,NA,NA,NA,NA,NA,NA
"L839588",0,0,0,NA,NA,NA,NA,NA,NA,NA
"L840942",0,0,NA,NA,NA,NA,NA,NA,NA,NA
"L841573",0,NA,NA,NA,NA,NA,NA,NA,NA,NA
"L842108",0,0,NA,NA,NA,NA,NA,NA,NA,NA
"L845195",0,NA,NA,NA,NA,NA,NA,NA,NA,NA
"L845837",0,NA,NA,NA,NA,NA,NA,NA,NA,NA
"L845848",0,NA,NA,NA,NA,NA,NA,NA,NA,NA
"L846727",0,1,1,NA,NA,NA,NA,NA,NA,NA
"L847459",0,NA,NA,NA,NA,NA,NA,NA,NA,NA
"L847626",0,0,0,0,0,0,1,0,NA,NA
"L848283",0,NA,NA,NA,NA,NA,NA,NA,NA,NA
"L849895",0,NA,NA,NA,NA,NA,NA,NA,NA,NA
"L851387",0,0,0,0,0,0,0,0,NA,NA
"L852087",0,0,0,NA,NA,NA,NA,NA,NA,NA
"L852324",0,0,0,NA,NA,NA,NA,NA,NA,NA
"L852873",0,0,1,NA,NA,NA,NA,NA,NA,NA
"L856218",0,0,0,NA,NA,NA,NA,NA,NA,NA
"L860816",0,0,NA,NA,NA,NA,NA,NA,NA,NA
"L861664",0,NA,NA,NA,NA,NA,NA,NA,NA,NA
"L863091",0,0,1,0,0,0,NA,NA,NA,NA
"L865285",0,0,NA,NA,NA,NA,NA,NA,NA,NA
"L866067",0,0,0,NA,NA,NA,NA,NA,NA,NA
"L867046",0,NA,NA,NA,NA,NA,NA,NA,NA,NA
"L868120",0,0,NA,NA,NA,NA,NA,NA,NA,NA
"L869220",0,0,0,0,0,0,0,0,1,0
"L869612",0,0,0,0,0,0,NA,NA,NA,NA
"L870568",0,0,NA,NA,NA,NA,NA,NA,NA,NA
"L872406",0,NA,NA,NA,NA,NA,NA,NA,NA,NA
"L873335",0,NA,NA,NA,NA,NA,NA,NA,NA,NA
"L873371",0,0,NA,NA,NA,NA,NA,NA,NA,NA
"L873396",0,NA,NA,NA,NA,NA,NA,NA,NA,NA
"L875043",0,0,0,1,NA,NA,NA,NA,NA,NA
"L879916",0,0,0,0,NA,NA,NA,NA,NA,NA
"L880679",0,0,0,0,NA,NA,NA,NA,NA,NA
"L882687",0,0,0,NA,NA,NA,NA,NA,NA,NA
"L883119",0,NA,NA,NA,NA,NA,NA,NA,NA,NA
"L885944",0,0,0,0,0,0,0,1,1,1
"L886526",0,0,NA,NA,NA,NA,NA,NA,NA,NA
"L886605",0,NA,NA,NA,NA,NA,NA,NA,NA,NA
"L887225",0,0,0,0,0,1,1,1,NA,NA
"L887664",1,NA,NA,NA,NA,NA,NA,NA,NA,NA
"L889092",1,NA,NA,NA,NA,NA,NA,NA,NA,NA
"L890118",0,NA,NA,NA,NA,NA,NA,NA,NA,NA
"L890836",0,1,NA,NA,NA,NA,NA,NA,NA,NA
"L891008",0,NA,NA,NA,NA,NA,NA,NA,NA,NA
"L894589",0,0,0,0,0,0,NA,NA,NA,NA
"L894831",0,0,NA,NA,NA,NA,NA,NA,NA,NA
"L895218",0,0,NA,NA,NA,NA,NA,NA,NA,NA
"L895924",0,NA,NA,NA,NA,NA,NA,NA,NA,NA
"L896867",0,NA,NA,NA,NA,NA,NA,NA,NA,NA
"L898103",0,NA,NA,NA,NA,NA,NA,NA,NA,NA
"L901766",0,0,0,0,0,0,0,NA,NA,NA
"L902202",0,0,NA,NA,NA,NA,NA,NA,NA,NA
"L902933",0,NA,NA,NA,NA,NA,NA,NA,NA,NA
"L902973",0,NA,NA,NA,NA,NA,NA,NA,NA,NA
"L903591",1,NA,NA,NA,NA,NA,NA,NA,NA,NA
"L905409",0,1,NA,NA,NA,NA,NA,NA,NA,NA
"L907561",0,0,1,0,0,NA,NA,NA,NA,NA
"L909588",1,NA,NA,NA,NA,NA,NA,NA,NA,NA
"L912051",1,NA,NA,NA,NA,NA,NA,NA,NA,NA
"L914441",0,NA,NA,NA,NA,NA,NA,NA,NA,NA
"L918487",0,0,NA,NA,NA,NA,NA,NA,NA,NA
"L922594",0,1,NA,NA,NA,NA,NA,NA,NA,NA
"L933213",0,NA,NA,NA,NA,NA,NA,NA,NA,NA
"L939309",0,0,NA,NA,NA,NA,NA,NA,NA,NA
"L941397",0,NA,NA,NA,NA,NA,NA,NA,NA,NA
"L942872",0,NA,NA,NA,NA,NA,NA,NA,NA,NA
"L946223",0,NA,NA,NA,NA,NA,NA,NA,NA,NA
"L949540",0,0,0,0,0,NA,NA,NA,NA,NA
"L950755",0,1,1,NA,NA,NA,NA,NA,NA,NA
"L956271",0,0,0,0,0,0,NA,NA,NA,NA
"L957831",0,0,NA,NA,NA,NA,NA,NA,NA,NA
"L958170",0,NA,NA,NA,NA,NA,NA,NA,NA,NA
"L964061",0,NA,NA,NA,NA,NA,NA,NA,NA,NA
"L965874",0,NA,NA,NA,NA,NA,NA,NA,NA,NA
"L966708",0,NA,NA,NA,NA,NA,NA,NA,NA,NA
"L969009",1,1,NA,NA,NA,NA,NA,NA,NA,NA
"L970742",0,0,0,0,0,0,0,0,1,0
"L974437",0,0,0,1,NA,NA,NA,NA,NA,NA
"L977337",0,0,NA,NA,NA,NA,NA,NA,NA,NA
"L978869",0,NA,NA,NA,NA,NA,NA,NA,NA,NA
"L979378",0,0,0,0,0,0,0,0,0,0
"L985334",0,0,0,NA,NA,NA,NA,NA,NA,NA
"L985862",0,0,NA,NA,NA,NA,NA,NA,NA,NA
"L990219",0,NA,NA,NA,NA,NA,NA,NA,NA,NA
"L991556",0,0,0,NA,NA,NA,NA,NA,NA,NA
"L994286",0,0,NA,NA,NA,NA,NA,NA,NA,NA
"L994605",0,0,1,NA,NA,NA,NA,NA,NA,NA
"L995955",0,0,NA,NA,NA,NA,NA,NA,NA,NA
"L997884",0,0,0,0,NA,NA,NA,NA,NA,NA
"L998393",0,0,0,0,0,0,0,0,0,0
"L999784",0,0,0,0,0,0,0,0,1,0
